last_name, first_name,year,p_formatted_ip,p_total_hits,p_strikeout,p_walk,p_k_percent,p_bb_percent,batting_avg,slg_percent,on_base_percent,isolated_power,p_earned_run,p_run,p_balk,
Stroman, Marcus,2017,201.0,201,164,62,19.7,7.4,.264,.392,.323,.128,69,82,1,
Scherzer, Max,2017,200.2,126,268,55,34.4,7.1,.178,.319,.246,.141,56,62,0,
Samardzija, Jeff,2017,207.2,204,205,32,24.2,3.8,.255,.447,.286,.192,102,107,0,
Sale, Chris,2017,214.1,165,308,43,36.2,5.1,.208,.349,.254,.141,69,73,0,
Roark, Tanner,2017,181.1,178,166,64,21.4,8.2,.254,.408,.320,.154,94,105,1,
Lynn, Lance,2017,186.1,151,153,78,19.7,10.1,.223,.395,.308,.172,71,80,0,
Lackey, John,2017,170.2,165,149,53,20.4,7.3,.252,.469,.315,.217,87,93,2,
Estrada, Marco,2017,186.0,186,176,71,21.8,8.8,.256,.463,.321,.207,103,104,0,
Wacha, Michael,2017,165.2,170,158,55,22.5,7.8,.267,.409,.325,.142,76,82,0,
Quintana, Jose,2017,188.2,170,207,61,26.2,7.7,.238,.396,.305,.158,87,92,1,
Moore, Matt,2017,174.1,200,148,67,18.7,8.5,.283,.486,.347,.203,107,116,0,
Martinez, Carlos,2017,205.0,179,217,71,25.3,8.3,.232,.391,.301,.159,83,93,0,
Greinke, Zack,2017,202.1,172,215,45,26.8,5.6,.230,.387,.271,.157,72,80,0,
Gausman, Kevin,2017,186.2,208,179,71,21.9,8.7,.283,.459,.348,.176,97,99,1,
Fulmer, Michael,2017,164.2,150,114,40,16.9,5.9,.243,.350,.293,.107,70,80,1,
deGrom, Jacob,2017,201.1,180,239,59,28.9,7.1,.237,.389,.291,.152,79,87,0,
Verlander, Justin,2017,206.0,170,219,72,25.8,8.5,.221,.370,.290,.149,77,80,0,
Richard, Clayton,2017,197.1,240,151,59,17.6,6.9,.308,.482,.358,.174,105,114,1,
Nolasco, Ricky,2017,181.0,205,143,58,18.2,7.4,.286,.508,.338,.222,99,102,0,
Darvish, Yu,2017,186.2,159,209,58,27.3,7.6,.228,.397,.291,.169,80,83,1,
Blach, Ty,2017,163.2,179,73,43,10.5,6.2,.283,.439,.322,.156,87,91,0,
Vargas, Jason,2017,179.2,181,134,58,17.7,7.7,.264,.442,.323,.178,83,84,1,
Pomeranz, Drew,2017,173.2,166,174,69,23.5,9.3,.252,.388,.323,.136,64,69,0,
Perdomo, Luis,2017,163.2,182,118,65,16.5,9.1,.285,.426,.356,.141,85,97,2,
Nola, Aaron,2017,168.0,154,184,49,26.6,7.1,.241,.383,.296,.142,66,67,0,
Lester, Jon,2017,180.2,179,180,60,23.6,7.9,.259,.430,.318,.171,87,101,0,
Hellickson, Jeremy,2017,164.0,160,96,47,13.8,6.8,.255,.497,.309,.242,99,105,1,
Bundy, Dylan,2017,169.2,152,152,51,21.8,7.3,.240,.420,.301,.180,80,82,0,
Strasburg, Stephen,2017,175.1,131,204,47,29.1,6.7,.204,.317,.264,.113,49,55,0,
Straily, Dan,2017,181.2,176,170,60,22.1,7.8,.256,.466,.313,.210,86,90,0,
Hammel, Jason,2017,180.1,209,145,48,18.0,6.0,.284,.442,.331,.158,106,109,1,
Cole, Gerrit,2017,203.0,199,196,55,23.1,6.5,.254,.434,.304,.180,96,98,0,
Cashner, Andrew,2017,166.2,156,86,64,12.2,9.1,.250,.365,.325,.115,63,75,1,
Carrasco, Carlos,2017,200.0,173,226,46,28.3,5.8,.235,.386,.287,.151,73,73,0,
Urena, Jose,2017,169.2,152,113,64,15.6,8.8,.238,.415,.318,.177,72,77,1,
Teheran, Julio,2017,188.1,186,151,72,18.6,8.9,.257,.443,.326,.186,94,103,0,
Tanaka, Masahiro,2017,178.1,180,194,41,25.8,5.5,.257,.467,.303,.210,94,100,0,
Porcello, Rick,2017,203.1,236,181,48,20.5,5.4,.286,.498,.328,.212,105,125,0,
Nelson, Jimmy,2017,175.1,171,199,48,27.3,6.6,.257,.374,.313,.117,68,75,1,
Leake, Mike,2017,186.0,201,130,37,16.6,4.7,.278,.424,.316,.146,81,93,0,
Corbin, Patrick,2017,189.2,208,178,61,21.5,7.4,.276,.461,.329,.185,85,97,0,
Cobb, Alex,2017,179.1,175,128,44,17.3,5.9,.254,.405,.303,.151,73,78,1,
Bauer, Trevor,2017,176.1,181,196,60,26.2,8.0,.266,.446,.328,.180,82,84,1,
Arrieta, Jake,2017,168.1,150,163,55,23.1,7.8,.235,.411,.304,.176,66,82,0,
Santana, Ervin,2017,211.1,177,167,61,19.3,7.1,.225,.392,.285,.167,77,85,1,
Marquez, German,2017,162.0,174,147,49,21.0,7.0,.274,.473,.330,.199,79,82,0,
Kluber, Corey,2017,203.2,141,265,36,34.1,4.6,.193,.321,.234,.128,51,56,0,
Gonzalez, Gio,2017,201.0,158,188,79,22.7,9.6,.216,.345,.295,.129,66,69,0,
Davies, Zach,2017,191.1,204,124,55,15.2,6.7,.275,.424,.328,.149,83,90,0,
Severino, Luis,2017,193.1,150,230,51,29.4,6.5,.208,.338,.264,.130,64,73,0,
Ray, Robbie,2017,162.0,116,218,71,32.8,10.7,.199,.356,.289,.157,52,57,0,
Perez, Martin,2017,185.0,221,115,63,14.2,7.8,.301,.453,.358,.152,99,108,0,
Nova, Ivan,2017,187.0,203,131,36,16.7,4.6,.277,.464,.313,.187,86,96,0,
Kershaw, Clayton,2017,175.0,136,202,30,29.7,4.4,.212,.357,.244,.145,45,49,2,
Gray, Sonny,2017,162.1,139,153,57,22.6,8.4,.226,.374,.294,.148,64,79,0,
Dickey, R.A.,2017,190.0,193,136,67,16.7,8.2,.266,.450,.331,.184,90,99,2,
Chacin, Jhoulys,2017,180.1,157,153,72,20.0,9.4,.235,.373,.318,.138,78,82,1,
Archer, Chris,2017,201.0,193,249,60,29.2,7.0,.246,.407,.303,.161,91,101,0,
Wood, Alex,2014,171.2,151,170,45,24.5,6.5,.239,.357,.291,.118,53,58,0,
Chen, Wei-Yin,2014,185.2,193,136,35,17.6,4.5,.266,.426,.299,.160,73,77,0,
Elias, Roenis,2014,163.2,151,143,64,20.6,9.2,.248,.385,.326,.137,70,77,4,
Keuchel, Dallas,2014,200.0,187,146,48,18.1,5.9,.252,.353,.300,.101,65,71,0,
Richards, Garrett,2014,168.2,124,164,51,24.2,7.5,.201,.261,.268,.060,49,51,1,
Miller, Shelby,2014,183.0,160,127,73,16.6,9.6,.236,.388,.308,.152,76,78,0,
Hutchison, Drew,2014,184.2,173,184,60,23.4,7.6,.245,.416,.305,.171,92,92,2,
Ventura, Yordano,2014,183.0,168,159,69,20.3,8.8,.240,.358,.309,.118,65,70,1,
Wheeler, Zack,2014,185.1,167,187,79,23.6,9.9,.240,.352,.324,.112,73,84,0,
Iwakuma, Hisashi,2014,179.0,167,154,21,21.7,3.0,.244,.374,.268,.130,70,70,0,
Strasburg, Stephen,2014,215.0,198,242,43,27.9,5.0,.245,.385,.283,.140,75,86,0,
Roark, Tanner,2014,198.2,178,138,39,17.3,4.9,.239,.351,.279,.112,63,64,0,
Odorizzi, Jake,2014,168.0,156,174,59,24.2,8.2,.242,.385,.306,.143,77,79,0,
Koehler, Tom,2014,191.1,177,153,71,19.1,8.8,.248,.371,.318,.123,81,84,0,
Gray, Sonny,2014,219.0,187,183,74,20.4,8.2,.232,.327,.298,.095,75,84,0,
Eovaldi, Nathan,2014,199.2,223,142,43,16.6,5.0,.282,.409,.320,.127,97,107,0,
Cosart, Jarred,2014,180.1,173,115,73,15.0,9.5,.255,.345,.325,.090,74,80,0,
Teheran, Julio,2014,221.0,188,186,51,21.0,5.8,.232,.360,.275,.128,71,82,1,
Zimmermann, Jordan,2014,199.2,185,182,29,22.8,3.6,.244,.354,.275,.110,59,67,0,
Sale, Chris,2014,174.0,129,208,39,30.4,5.7,.205,.305,.261,.100,42,48,0,
Porcello, Rick,2014,204.2,211,129,41,15.4,4.9,.268,.406,.305,.138,78,89,0,
Collmenter, Josh,2014,179.1,163,115,39,16.0,5.4,.246,.386,.287,.140,69,75,0,
Bumgarner, Madison,2014,217.1,194,219,43,25.1,4.9,.240,.372,.278,.132,72,81,1,
Alvarez III, Henderson,2014,187.0,198,111,33,14.4,4.3,.275,.385,.310,.110,55,65,0,
Peralta, Wily,2014,198.2,198,154,61,18.4,7.3,.261,.393,.317,.132,78,88,0,
Leake, Mike,2014,214.1,217,164,50,18.2,5.5,.263,.417,.310,.154,88,93,0,
Samardzija, Jeff,2014,219.2,191,202,43,23.0,4.9,.234,.367,.278,.133,73,86,0,
Cobb, Alex,2014,166.1,142,149,47,21.9,6.9,.231,.325,.292,.094,53,56,0,
Gibson, Kyle,2014,179.1,178,107,57,14.1,7.5,.258,.365,.313,.107,89,91,0,
Archer, Chris,2014,194.2,177,173,72,21.0,8.8,.243,.336,.313,.093,72,85,0,
Norris, Bud,2014,165.1,149,139,52,20.2,7.6,.242,.396,.313,.154,67,68,0,
Tillman, Chris,2014,207.1,189,150,66,17.2,7.6,.238,.373,.297,.135,77,83,0,
Quintana, Jose,2014,200.1,197,178,52,21.4,6.3,.257,.358,.302,.101,74,87,0,
Kuroda, Hiroki,2014,199.0,191,146,35,17.8,4.3,.249,.382,.284,.133,82,91,0,
Garza, Matt,2014,163.1,143,126,50,18.5,7.4,.233,.351,.290,.118,66,77,1,
Miley, Wade,2014,201.1,207,183,75,21.1,8.7,.269,.413,.330,.144,97,103,0,
Kershaw, Clayton,2014,198.1,139,239,31,31.9,4.1,.196,.289,.230,.093,39,42,2,
Niese, Jonathon,2014,187.2,193,138,45,17.6,5.7,.268,.406,.312,.138,71,80,0,
Wood, Travis,2014,173.2,190,146,76,18.7,9.7,.277,.429,.350,.152,97,110,0,
Ross, Tyson,2014,195.2,165,195,72,24.0,8.9,.230,.327,.303,.097,61,75,0,
Hughes, Phil,2014,209.2,221,186,16,21.8,1.9,.268,.390,.283,.122,82,88,0,
Lynn, Lance,2014,203.2,185,181,72,20.9,8.3,.238,.355,.305,.117,62,72,0,
Cueto, Johnny,2014,243.2,169,242,65,25.2,6.8,.194,.313,.259,.119,61,69,1,
Noesi, Hector,2014,172.1,180,123,56,16.8,7.6,.271,.447,.325,.176,91,98,1,
Price, David,2014,248.1,230,271,38,26.9,3.8,.240,.375,.271,.135,90,100,0,
Buchholz, Clay,2014,170.1,182,132,54,17.9,7.3,.273,.416,.334,.143,101,108,0,
Scherzer, Max,2014,220.1,196,252,63,27.9,7.0,.238,.368,.293,.130,77,80,1,
Kennedy, Ian,2014,201.0,189,207,70,24.5,8.3,.250,.384,.311,.134,81,85,0,
Kendrick, Kyle,2014,199.0,214,121,57,14.0,6.6,.276,.436,.326,.160,102,108,0,
Lester, Jon,2014,219.2,194,220,48,24.9,5.4,.236,.354,.279,.118,60,76,0,
Gallardo, Yovani,2014,192.1,195,146,54,17.9,6.6,.261,.385,.310,.124,75,86,0,
Fister, Doug,2014,164.0,153,98,24,14.8,3.6,.246,.374,.278,.128,44,52,0,
Wilson, C.J.,2014,175.2,169,151,85,19.8,11.2,.258,.374,.348,.116,88,95,0,
Weaver, Jered,2014,213.1,193,169,65,19.0,7.3,.239,.385,.297,.146,85,87,0,
Vargas, Jason,2014,187.0,197,128,41,16.2,5.2,.267,.403,.309,.136,77,82,1,
Volquez, Edinson,2014,192.2,166,140,71,17.3,8.8,.235,.359,.310,.124,65,75,0,
Shields, James,2014,227.0,224,180,44,19.2,4.7,.256,.404,.297,.148,81,95,2,
Kluber, Corey,2014,235.2,207,269,51,28.3,5.4,.233,.345,.278,.112,64,72,0,
Stults, Eric,2014,176.0,197,111,45,14.5,5.9,.283,.450,.322,.167,84,93,0,
Feldman, Scott,2014,180.1,185,107,50,14.0,6.5,.266,.403,.322,.137,75,86,1,
McCarthy, Brandon,2014,200.0,222,175,33,20.9,3.9,.280,.436,.309,.156,90,100,0,
Hammel, Jason,2014,176.1,154,158,44,22.1,6.2,.235,.390,.288,.155,68,70,0,
Liriano, Francisco,2014,162.1,130,175,81,25.3,11.7,.218,.331,.311,.113,61,68,0,
Verlander, Justin,2014,206.0,223,159,65,17.8,7.3,.275,.426,.328,.151,104,114,1,
Hernandez, Felix,2014,236.0,170,248,46,27.2,5.0,.200,.303,.242,.103,56,68,0,
Hernandez, Roberto,2014,164.2,156,105,73,14.5,10.1,.250,.408,.330,.158,75,84,0,
Danks, John,2014,193.2,205,129,74,15.1,8.7,.269,.447,.337,.178,102,106,0,
Young, Chris,2014,165.0,143,108,60,15.7,8.7,.234,.431,.299,.197,67,70,1,
Kazmir, Scott,2014,190.1,171,164,50,21.1,6.4,.238,.357,.290,.119,75,81,1,
Hamels, Cole,2014,204.2,176,198,59,23.9,7.1,.235,.345,.293,.110,56,60,1,
Simon, Alfredo,2014,196.1,181,127,56,15.5,6.8,.245,.383,.304,.138,75,80,0,
Santana, Ervin,2014,196.0,193,179,63,21.9,7.7,.266,.401,.318,.135,86,90,0,
Haren, Dan,2014,186.0,183,145,36,18.7,4.6,.252,.429,.286,.177,83,101,1,
Greinke, Zack,2014,202.1,190,207,43,25.2,5.2,.247,.373,.286,.126,61,69,0,
Wainwright, Adam,2014,227.0,184,179,50,19.9,5.6,.222,.310,.268,.088,60,64,1,
Guthrie, Jeremy,2014,202.2,215,124,49,14.4,5.7,.272,.406,.322,.134,93,100,0,
Harang, Aaron,2014,204.1,215,161,71,18.4,8.1,.273,.391,.328,.118,81,88,0,
Peavy, Jake,2014,202.2,196,158,63,18.5,7.4,.258,.424,.315,.166,84,91,2,
Lewis, Colby,2014,170.1,211,133,48,17.5,6.3,.304,.488,.350,.184,98,107,1,
De La Rosa, Jorge,2014,184.1,161,139,67,18.1,8.7,.238,.394,.309,.156,84,90,0,
Lackey, John,2014,198.0,206,164,47,19.7,5.6,.265,.424,.305,.159,84,94,2,
Lohse, Kyle,2014,198.1,183,141,45,17.3,5.5,.246,.389,.289,.143,78,87,0,
Dickey, R.A.,2014,215.2,191,173,74,18.9,8.1,.233,.399,.305,.166,89,101,0,
Vogelsong, Ryan,2014,184.2,178,151,58,19.4,7.4,.254,.411,.314,.157,82,86,0,
Buehrle, Mark,2014,202.0,228,119,46,13.9,5.4,.287,.416,.324,.129,76,83,1,
Hudson, Tim,2014,189.1,199,120,34,15.2,4.3,.270,.407,.304,.137,75,86,0,
Burnett, A.J.,2014,213.2,205,190,96,20.3,10.3,.256,.404,.339,.148,109,122,0,
Colon, Bartolo,2014,202.1,218,151,30,17.8,3.5,.273,.414,.299,.141,92,97,0,
Hudson, Daniel,2011,222.0,217,169,50,18.3,5.4,.255,.394,.299,.139,86,98,1,
Porcello, Rick,2011,182.0,210,104,46,13.3,5.9,.292,.435,.337,.143,96,103,0,
Bumgarner, Madison,2011,204.2,202,191,46,22.6,5.5,.260,.366,.300,.106,73,82,1,
Holland, Derek,2011,198.0,201,162,67,19.2,7.9,.262,.398,.325,.136,87,97,1,
Cahill, Trevor,2011,207.2,214,147,82,16.3,9.1,.269,.398,.337,.129,96,102,0,
Leake, Mike,2011,167.2,159,118,38,17.0,5.5,.250,.416,.296,.166,72,74,1,
Norris, Bud,2011,186.0,177,176,70,22.1,8.8,.250,.412,.317,.162,78,93,2,
Latos, Mat,2011,194.1,168,185,62,23.2,7.8,.233,.363,.289,.130,75,82,0,
Pineda, Michael,2011,171.0,133,173,55,24.9,7.9,.211,.342,.277,.131,71,76,0,
Kuroda, Hiroki,2011,202.0,196,161,49,19.2,5.8,.254,.415,.298,.161,69,77,1,
Garza, Matt,2011,198.0,186,197,63,23.5,7.5,.245,.350,.300,.105,73,90,0,
Kershaw, Clayton,2011,233.1,174,248,54,27.2,5.9,.207,.298,.253,.091,59,66,1,
Hellickson, Jeremy,2011,189.0,146,117,72,15.1,9.3,.210,.373,.287,.163,62,64,1,
Masterson, Justin,2011,216.0,211,158,65,17.4,7.2,.257,.349,.316,.092,77,89,0,
Chacin, Jhoulys,2011,194.0,168,150,87,18.1,10.5,.231,.392,.313,.161,78,87,0,
Ogando, Alexi,2011,169.0,149,126,43,18.2,6.2,.234,.361,.287,.127,66,73,0,
Nova, Ivan,2011,165.1,163,98,57,13.9,8.1,.258,.384,.321,.126,68,74,0,
Gonzalez, Gio,2011,202.0,175,197,91,22.8,10.5,.230,.336,.317,.106,70,81,1,
Romero, Ricky,2011,225.0,176,178,80,19.4,8.7,.216,.365,.294,.149,73,85,1,
Pelfrey, Mike,2011,193.2,220,105,65,12.2,7.6,.286,.434,.340,.148,102,111,2,
Hochevar, Luke,2011,198.0,192,128,62,15.3,7.4,.252,.429,.313,.177,103,110,2,
Humber, Philip,2011,163.0,151,116,41,17.2,6.1,.243,.357,.293,.114,68,71,1,
Lannan, John,2011,184.2,194,106,76,13.1,9.4,.272,.389,.343,.117,76,90,0,
Tomlin, Josh,2011,165.1,157,89,21,13.4,3.2,.248,.438,.273,.190,78,80,0,
Volstad, Chris,2011,165.2,187,117,49,16.3,6.8,.289,.464,.330,.175,90,96,1,
Harrison, Matt,2011,185.2,180,126,57,16.3,7.4,.257,.374,.308,.117,70,79,1,
McDonald, James,2011,171.0,176,142,78,18.8,10.3,.268,.431,.346,.163,80,86,1,
Price, David,2011,224.1,192,218,63,23.7,6.9,.230,.370,.288,.140,87,93,0,
Morrow, Brandon,2011,179.1,162,203,69,26.1,8.9,.237,.391,.313,.154,94,103,1,
Lincecum, Tim,2011,217.0,176,220,86,24.4,9.6,.222,.344,.298,.122,66,74,0,
Scherzer, Max,2011,195.0,207,174,56,20.9,6.7,.272,.455,.324,.183,96,101,0,
Kennedy, Ian,2011,222.0,186,198,55,22.0,6.1,.227,.361,.278,.134,71,73,1,
Lester, Jon,2011,191.2,166,182,75,22.8,9.4,.234,.374,.315,.140,74,77,0,
Marcum, Shaun,2011,200.2,175,158,57,19.2,6.9,.232,.372,.282,.140,79,84,0,
Gallardo, Yovani,2011,207.1,193,207,59,23.9,6.8,.245,.390,.292,.145,81,92,0,
Davis, Wade,2011,184.0,190,105,63,13.2,7.9,.267,.441,.328,.174,91,96,0,
Billingsley, Chad,2011,188.0,189,152,84,18.3,10.1,.264,.386,.338,.122,88,98,0,
Fister, Doug,2011,216.1,193,146,37,16.7,4.2,.237,.339,.277,.102,68,76,1,
Wilson, C.J.,2011,223.1,191,206,74,22.5,8.1,.232,.350,.301,.118,73,89,0,
Weaver, Jered,2011,235.2,182,198,56,21.4,6.0,.212,.336,.260,.124,63,65,0,
Vargas, Jason,2011,201.0,205,131,59,15.3,6.9,.260,.398,.313,.138,95,105,1,
Morton, Charlie,2011,171.2,186,110,77,14.3,10.0,.281,.372,.359,.091,73,82,1,
Garcia, Jaime,2011,194.2,207,156,50,18.9,6.1,.273,.394,.314,.121,77,100,1,
Shields, James,2011,249.1,195,225,65,23.1,6.7,.217,.350,.272,.133,78,83,0,
Nolasco, Ricky,2011,206.0,244,148,44,16.6,4.9,.295,.440,.327,.145,107,117,0,
Karstens, Jeff,2011,162.1,163,96,33,14.4,4.9,.263,.419,.299,.156,61,69,1,
McCarthy, Brandon,2011,170.2,168,123,25,17.8,3.6,.258,.377,.280,.119,63,73,0,
Sanchez, Anibal,2011,196.1,187,202,64,24.3,7.7,.250,.398,.308,.148,80,85,5,
Rodriguez, Wandy,2011,191.0,182,166,69,20.5,8.5,.251,.420,.317,.169,74,81,0,
Hammel, Jason,2011,170.1,175,94,68,12.7,9.2,.270,.435,.337,.165,90,100,1,
Jimenez, Ubaldo,2011,188.1,186,180,78,21.9,9.5,.254,.419,.332,.165,98,111,0,
Saunders, Joe,2011,212.0,210,108,67,12.4,7.7,.266,.438,.320,.172,87,94,0,
Verlander, Justin,2011,251.0,174,250,57,25.8,5.9,.192,.313,.241,.121,67,73,2,
Hernandez, Felix,2011,233.2,218,222,67,23.0,7.0,.248,.356,.303,.108,90,99,1,
Francis, Jeff,2011,183.0,224,91,39,11.3,4.9,.301,.457,.334,.156,98,102,1,
Hernandez, Roberto,2011,188.2,205,109,60,13.1,7.2,.276,.437,.335,.161,110,125,1,
Danks, John,2011,170.1,182,135,46,18.5,6.3,.274,.427,.323,.153,82,89,0,
Stauffer, Tim,2011,185.2,180,128,53,16.5,6.8,.258,.413,.310,.155,77,81,1,
Hamels, Cole,2011,216.0,169,194,44,22.8,5.2,.214,.337,.256,.123,67,68,3,
Cain, Matt,2011,221.2,177,179,63,19.7,6.9,.217,.319,.275,.102,71,82,0,
Maholm, Paul,2011,162.1,160,97,50,14.1,7.3,.262,.390,.317,.128,66,72,0,
Santana, Ervin,2011,228.2,207,178,72,18.8,7.6,.241,.389,.302,.148,86,95,1,
Jackson, Edwin,2011,199.2,225,148,62,17.2,7.2,.290,.427,.336,.137,84,92,2,
Haren, Dan,2011,238.1,211,192,33,20.1,3.5,.235,.365,.261,.130,84,91,0,
Floyd, Gavin,2011,193.2,180,151,45,18.9,5.6,.247,.388,.296,.141,94,97,1,
Greinke, Zack,2011,171.2,161,201,45,28.1,6.3,.245,.412,.294,.167,73,82,0,
Capuano, Chris,2011,186.0,198,168,53,20.9,6.6,.270,.458,.319,.188,94,99,0,
Guthrie, Jeremy,2011,208.0,213,130,66,14.6,7.4,.267,.444,.324,.177,100,113,0,
Lee, Cliff,2011,232.2,197,238,42,25.9,4.6,.229,.339,.266,.110,62,66,0,
Harang, Aaron,2011,170.2,175,124,58,17.2,8.1,.269,.427,.328,.158,69,73,0,
Myers, Brett,2011,216.0,226,160,57,17.4,6.2,.267,.437,.313,.170,107,116,0,
Lewis, Colby,2011,200.1,187,169,56,20.1,6.7,.244,.439,.297,.195,98,103,0,
Lohse, Kyle,2011,188.1,178,111,42,14.3,5.4,.249,.390,.288,.141,71,80,0,
Dickey, R.A.,2011,208.2,202,134,54,15.3,6.2,.256,.382,.303,.126,76,85,1,
Vogelsong, Ryan,2011,179.2,164,139,61,18.5,8.1,.244,.361,.306,.117,54,62,1,
Sabathia, CC,2011,237.1,230,230,61,23.4,6.2,.255,.361,.303,.106,79,87,1,
Buehrle, Mark,2011,205.1,221,109,45,12.7,5.2,.277,.414,.312,.137,82,93,0,
Beckett, Josh,2011,193.0,146,175,52,22.8,6.8,.211,.335,.270,.124,62,65,0,
Arroyo, Bronson,2011,199.0,227,108,45,12.6,5.3,.286,.527,.325,.241,112,119,0,
Hudson, Tim,2011,215.0,189,158,56,17.9,6.3,.236,.331,.294,.095,77,86,0,
Penny, Brad,2011,181.2,222,74,62,9.2,7.7,.306,.483,.359,.177,107,117,0,
Westbrook, Jake,2011,183.1,208,104,73,12.9,9.0,.290,.435,.350,.145,95,103,0,
Lilly, Ted,2011,192.2,172,158,51,19.8,6.4,.238,.414,.290,.176,85,88,2,
Burnett, A.J.,2011,190.1,190,173,83,20.7,9.9,.260,.464,.337,.204,109,115,0,
Wolf, Randy,2011,212.1,214,134,66,14.8,7.3,.266,.415,.324,.149,87,95,1,
Halladay, Roy,2011,233.2,208,220,35,23.6,3.8,.239,.313,.265,.074,61,65,1,
Pavano, Carl,2011,222.0,262,102,40,10.7,4.2,.294,.447,.325,.153,106,123,2,
Vazquez, Javier,2011,192.2,178,162,50,20.3,6.3,.243,.398,.288,.155,79,91,0,
Dempster, Ryan,2011,202.1,211,191,82,21.7,9.3,.271,.445,.338,.174,108,111,0,
Lowe, Derek,2011,187.0,212,137,70,16.5,8.4,.285,.406,.343,.121,105,110,2,
Hernandez, Livan,2011,175.1,199,99,46,13.2,6.1,.291,.434,.333,.143,87,98,0,
Colon, Bartolo,2011,164.1,172,135,40,19.5,5.8,.267,.440,.310,.173,73,85,0,
Carpenter, Chris,2011,237.1,243,191,55,19.2,5.5,.264,.360,.305,.096,91,98,1,
Volquez, Edinson,2016,189.1,217,139,76,16.3,8.9,.286,.439,.352,.153,113,124,1,
Ventura, Yordano,2016,186.0,190,144,78,17.6,9.6,.263,.415,.338,.152,92,96,1,
Tanaka, Masahiro,2016,199.2,179,165,36,20.5,4.5,.236,.373,.271,.137,68,75,0,
Straily, Dan,2016,191.1,154,162,73,20.5,9.2,.220,.409,.301,.189,80,80,1,
Scherzer, Max,2016,228.1,165,284,56,31.5,6.2,.199,.365,.252,.166,75,77,1,
Quintana, Jose,2016,208.0,192,181,50,21.6,6.0,.246,.393,.294,.147,74,76,1,
Price, David,2016,230.0,227,228,50,24.0,5.3,.258,.420,.299,.162,102,106,0,
Perez, Martin,2016,198.2,205,103,76,12.0,8.9,.270,.404,.333,.134,97,110,2,
Moore, Matt,2016,198.1,184,178,72,21.2,8.6,.245,.380,.313,.135,90,93,1,
Lackey, John,2016,188.1,146,180,53,24.1,7.1,.218,.364,.278,.146,70,74,0,
Gray, Jon,2016,168.0,153,185,59,26.0,8.3,.243,.386,.315,.143,86,92,0,
Finnegan, Brandon,2016,172.0,150,145,84,19.8,11.4,.236,.421,.324,.185,76,86,2,
Fernandez, Jose,2016,182.1,149,253,55,34.3,7.5,.224,.336,.285,.112,58,63,1,
Verlander, Justin,2016,227.2,171,254,57,28.1,6.3,.207,.368,.261,.161,77,81,0,
Smyly, Drew,2016,175.1,174,167,49,22.6,6.6,.259,.456,.305,.197,95,103,0,
Roark, Tanner,2016,210.0,173,172,73,20.1,8.5,.228,.327,.303,.099,66,72,1,
Pineda, Michael,2016,175.2,184,207,53,27.4,7.0,.266,.462,.321,.196,94,98,0,
Maeda, Kenta,2016,175.2,150,179,50,25.0,7.0,.229,.359,.291,.130,68,72,0,
Kennedy, Ian,2016,195.2,173,184,66,22.5,8.1,.236,.413,.308,.177,80,81,0,
Ray, Robbie,2016,174.1,185,218,71,28.1,9.1,.267,.431,.338,.164,95,105,0,
Liriano, Francisco,2016,163.0,157,168,85,23.0,11.6,.252,.426,.343,.174,85,98,0,
Hendricks, Kyle,2016,190.0,142,170,44,22.8,5.9,.207,.319,.260,.112,45,53,0,
Graveman, Kendall,2016,186.0,196,108,47,13.7,6.0,.271,.415,.318,.144,85,87,0,
Davies, Zach,2016,163.1,166,135,38,19.8,5.6,.263,.418,.308,.155,72,79,0,
Bumgarner, Madison,2016,226.2,179,251,54,27.5,5.9,.213,.354,.264,.141,69,79,1,
Archer, Chris,2016,201.1,183,233,67,27.4,7.9,.238,.403,.298,.165,90,100,0,
Weaver, Jered,2016,178.0,209,103,51,13.4,6.6,.297,.517,.344,.220,100,106,2,
Samardzija, Jeff,2016,203.1,190,167,54,20.1,6.5,.249,.412,.296,.163,86,88,0,
Nova, Ivan,2016,162.0,175,127,28,18.6,4.1,.275,.465,.310,.190,75,81,0,
Nolasco, Ricky,2016,197.2,202,144,44,17.6,5.4,.267,.435,.307,.168,97,104,0,
McHugh, Collin,2016,184.2,206,177,54,22.2,6.8,.282,.456,.333,.174,89,92,0,
Koehler, Tom,2016,176.2,176,147,83,19.0,10.7,.261,.421,.341,.160,85,93,0,
Hamels, Cole,2016,200.2,185,200,77,23.6,9.1,.243,.380,.318,.137,74,83,1,
Estrada, Marco,2016,176.0,132,165,65,22.8,9.0,.203,.361,.278,.158,68,73,0,
Duffy, Danny,2016,179.2,163,188,42,25.7,5.7,.241,.419,.290,.178,70,71,0,
Dickey, R.A.,2016,169.2,169,126,63,17.3,8.7,.258,.461,.327,.203,84,97,1,
Santana, Ervin,2016,181.1,168,149,53,19.9,7.1,.245,.381,.301,.136,68,78,3,
Porcello, Rick,2016,223.0,193,189,32,21.2,3.6,.230,.367,.267,.137,78,85,0,
Lester, Jon,2016,202.2,154,197,52,24.7,6.5,.211,.334,.266,.123,55,57,0,
Gonzalez, Gio,2016,177.1,179,171,59,22.4,7.7,.262,.404,.323,.142,90,98,0,
Fiers, Mike,2016,168.2,187,134,42,18.5,5.8,.280,.474,.326,.194,84,89,0,
Eickhoff, Jerad,2016,197.1,187,167,42,20.6,5.2,.251,.446,.292,.195,80,88,2,
Cueto, Johnny,2016,219.2,195,198,45,22.5,5.1,.238,.350,.281,.112,68,71,1,
Colon, Bartolo,2016,191.2,200,128,32,16.2,4.0,.268,.430,.297,.162,73,81,0,
Wainwright, Adam,2016,198.2,220,161,59,19.0,7.0,.287,.446,.335,.159,102,108,0,
Stroman, Marcus,2016,204.0,209,166,54,19.4,6.3,.264,.407,.312,.143,99,104,1,
Shields, James,2016,181.2,208,135,82,16.4,10.0,.288,.527,.363,.239,118,122,0,
Sanchez, Aaron,2016,192.0,161,161,63,20.4,8.0,.224,.335,.290,.111,64,69,0,
Odorizzi, Jake,2016,187.2,170,166,54,21.5,7.0,.241,.419,.295,.178,77,80,1,
Martinez, Carlos,2016,195.1,169,174,70,21.5,8.7,.233,.333,.309,.100,66,68,0,
Happ, J.A.,2016,195.0,168,163,60,20.5,7.5,.231,.371,.294,.140,69,72,2,
Hammel, Jason,2016,166.2,148,144,53,20.8,7.7,.239,.423,.303,.184,71,77,0,
Tomlin, Josh,2016,174.0,187,118,20,16.3,2.8,.269,.487,.290,.218,85,97,0,
Tillman, Chris,2016,172.0,155,140,66,19.6,9.2,.244,.412,.319,.168,72,73,0,
Syndergaard, Noah,2016,183.2,168,218,43,29.3,5.8,.243,.351,.286,.108,53,61,1,
Sale, Chris,2016,226.2,190,233,45,25.7,5.0,.227,.372,.278,.145,84,88,0,
Rodon, Carlos,2016,165.0,176,168,54,23.5,7.6,.273,.430,.330,.157,74,82,1,
Pomeranz, Drew,2016,170.2,137,186,65,26.5,9.2,.217,.368,.289,.151,63,65,0,
Kluber, Corey,2016,215.0,170,227,57,26.4,6.6,.216,.357,.272,.141,75,82,1,
Keuchel, Dallas,2016,168.0,168,144,48,20.5,6.8,.259,.424,.311,.165,85,88,0,
Gausman, Kevin,2016,179.2,183,174,47,23.0,6.2,.262,.430,.310,.168,72,76,0,
Fister, Doug,2016,180.1,195,115,62,14.8,8.0,.276,.449,.339,.173,93,98,0,
Teheran, Julio,2016,188.0,157,167,41,22.0,5.4,.223,.376,.273,.153,67,70,1,
Santiago, Hector,2016,182.0,169,144,79,18.3,10.1,.245,.449,.322,.204,95,100,1,
Sabathia, CC,2016,179.2,172,152,65,19.8,8.5,.250,.390,.320,.140,78,83,1,
Nelson, Jimmy,2016,179.1,186,140,86,17.3,10.7,.268,.430,.358,.162,92,108,0,
Miley, Wade,2016,166.0,187,137,49,19.3,6.9,.288,.467,.340,.179,99,100,2,
Leake, Mike,2016,176.2,203,125,30,16.5,4.0,.288,.437,.317,.149,92,101,0,
Iwakuma, Hisashi,2016,199.0,218,147,46,17.6,5.5,.282,.452,.322,.170,91,95,0,
Hellickson, Jeremy,2016,189.0,173,154,45,19.9,5.8,.243,.418,.290,.175,78,86,1,
Garcia, Jaime,2016,171.2,179,150,57,20.2,7.7,.268,.448,.328,.180,89,94,0,
Bettis, Chad,2016,186.0,204,138,59,17.0,7.2,.278,.439,.332,.161,99,107,0,
Bauer, Trevor,2016,190.0,179,168,70,20.7,8.6,.248,.393,.318,.145,90,96,0,
Arrieta, Jake,2016,197.1,138,190,76,23.9,9.6,.194,.306,.277,.112,68,72,0,
Chen, Wei-Yin,2012,192.2,186,154,57,18.8,7.0,.250,.424,.303,.174,86,97,1,
Milone, Tommy,2012,190.0,207,137,36,17.3,4.6,.278,.424,.312,.146,79,90,0,
Diamond, Scott,2012,173.0,184,90,31,12.6,4.3,.274,.423,.307,.149,68,76,0,
Zimmermann, Jordan,2012,195.2,186,153,43,19.0,5.3,.251,.388,.294,.137,64,69,0,
Sale, Chris,2012,192.0,167,192,51,24.9,6.6,.235,.370,.290,.135,65,66,0,
Porcello, Rick,2012,176.1,226,107,44,13.7,5.6,.310,.455,.352,.145,90,101,0,
Parker, Jarrod,2012,181.1,166,140,63,18.6,8.4,.248,.358,.309,.110,70,71,0,
Moore, Matt,2012,177.1,158,175,81,23.1,10.7,.238,.380,.324,.142,75,85,1,
Bumgarner, Madison,2012,208.1,183,191,49,22.5,5.8,.234,.386,.282,.152,78,87,2,
Alvarez III, Henderson,2012,187.1,216,79,54,9.8,6.7,.290,.473,.338,.183,101,110,1,
Darvish, Yu,2012,191.1,156,221,89,27.1,10.9,.220,.346,.313,.126,83,89,0,
Holland, Derek,2012,175.1,162,145,52,19.9,7.1,.243,.446,.297,.203,91,100,0,
Cahill, Trevor,2012,200.0,184,156,74,18.6,8.8,.250,.380,.321,.130,84,93,2,
Leake, Mike,2012,179.0,201,116,41,15.3,5.4,.287,.479,.324,.192,91,97,0,
Samardzija, Jeff,2012,174.2,157,180,56,24.9,7.7,.240,.396,.300,.156,74,79,0,
Norris, Bud,2012,168.1,165,165,66,22.5,9.0,.254,.423,.326,.169,87,90,0,
Latos, Mat,2012,209.1,179,185,64,21.6,7.5,.230,.390,.288,.160,81,87,1,
Minor, Mike,2012,179.1,151,145,56,19.9,7.7,.232,.407,.291,.175,82,88,0,
Kuroda, Hiroki,2012,219.2,205,167,51,18.7,5.7,.249,.406,.296,.157,81,86,0,
Miley, Wade,2012,194.2,193,144,37,17.8,4.6,.255,.395,.287,.140,72,79,1,
Kershaw, Clayton,2012,227.2,170,229,63,25.4,7.0,.210,.323,.264,.113,64,70,2,
Niese, Jonathon,2012,190.1,174,155,49,19.7,6.2,.241,.372,.288,.131,72,77,0,
Hellickson, Jeremy,2012,177.0,163,124,59,16.7,8.0,.244,.402,.305,.158,61,68,0,
Masterson, Justin,2012,206.1,212,159,88,17.5,9.7,.269,.388,.345,.119,113,122,0,
Nova, Ivan,2012,170.1,194,153,56,20.5,7.5,.288,.511,.348,.223,95,100,2,
Hanson, Tommy,2012,174.2,183,161,71,21.2,9.3,.271,.464,.340,.193,87,95,0,
Hughes, Phil,2012,191.1,196,165,46,20.2,5.6,.259,.460,.304,.201,89,101,0,
Gonzalez, Gio,2012,199.1,149,207,76,25.2,9.2,.206,.299,.280,.093,64,69,1,
Romero, Ricky,2012,181.0,198,124,105,15.0,12.7,.282,.440,.378,.158,116,122,0,
Hochevar, Luke,2012,185.1,202,144,61,18.0,7.6,.281,.471,.345,.190,118,127,0,
Lynn, Lance,2012,176.0,168,180,64,24.2,8.6,.253,.401,.325,.148,74,76,0,
Harrison, Matt,2012,213.1,210,133,59,15.2,6.7,.258,.406,.308,.148,78,82,0,
McDonald, James,2012,171.0,147,151,69,21.2,9.7,.233,.404,.309,.171,80,85,0,
Bailey, Homer,2012,208.0,206,168,52,19.2,5.9,.256,.412,.304,.156,85,97,0,
Cueto, Johnny,2012,217.0,205,170,49,19.1,5.5,.252,.366,.300,.114,67,73,3,
Price, David,2012,211.0,173,205,59,24.5,7.1,.226,.318,.283,.092,60,63,1,
Richard, Clayton,2012,218.2,228,107,42,11.8,4.6,.267,.435,.303,.168,97,110,2,
Buchholz, Clay,2012,189.1,187,129,64,16.1,8.0,.263,.426,.328,.163,96,104,2,
Lincecum, Tim,2012,186.0,183,190,90,23.0,10.9,.257,.426,.336,.169,107,111,2,
Scherzer, Max,2012,187.2,179,231,60,29.4,7.6,.250,.409,.310,.159,78,82,1,
Kennedy, Ian,2012,208.1,216,187,55,20.8,6.1,.266,.453,.317,.187,93,101,4,
Lester, Jon,2012,205.1,216,166,68,18.9,7.8,.273,.442,.329,.169,110,117,0,
Gallardo, Yovani,2012,204.0,185,204,81,23.7,9.4,.243,.392,.309,.149,83,86,0,
Wilson, C.J.,2012,202.1,181,173,91,20.0,10.5,.239,.361,.321,.122,86,102,1,
Weaver, Jered,2012,188.2,147,142,45,19.2,6.1,.214,.340,.265,.126,59,63,0,
Vargas, Jason,2012,217.1,201,141,55,15.9,6.2,.245,.421,.292,.176,93,94,0,
Volquez, Edinson,2012,182.2,160,174,105,21.7,13.1,.236,.362,.342,.126,84,88,1,
Harrell, Lucas,2012,193.2,185,140,78,16.9,9.4,.253,.363,.319,.110,81,90,3,
Shields, James,2012,227.2,208,223,58,23.6,6.1,.239,.383,.293,.144,89,103,1,
Detwiler, Ross,2012,164.1,149,105,52,15.3,7.6,.241,.377,.300,.136,62,75,1,
Nolasco, Ricky,2012,191.0,214,125,47,15.0,5.6,.285,.423,.323,.138,95,100,1,
Johnson, Josh,2012,191.1,180,165,65,20.7,8.1,.252,.363,.312,.111,81,84,0,
Sanchez, Anibal,2012,195.2,200,167,48,20.4,5.9,.265,.405,.309,.140,84,95,1,
Mendoza, Luis,2012,166.0,176,104,59,14.7,8.3,.278,.411,.347,.133,78,84,2,
Rodriguez, Wandy,2012,205.2,205,139,56,15.9,6.4,.255,.391,.302,.136,86,99,0,
Jimenez, Ubaldo,2012,176.2,190,143,95,17.8,11.8,.273,.452,.364,.179,106,116,1,
Saunders, Joe,2012,174.2,195,112,39,15.0,5.2,.281,.435,.317,.154,79,88,0,
Verlander, Justin,2012,238.1,192,239,60,25.0,6.3,.217,.331,.269,.114,70,81,1,
Hernandez, Felix,2012,232.0,209,223,56,23.7,6.0,.241,.333,.295,.092,79,84,2,
Hamels, Cole,2012,215.1,190,216,52,24.9,6.0,.237,.377,.283,.140,73,80,2,
Cain, Matt,2012,219.1,177,193,51,22.0,5.8,.222,.361,.271,.139,68,73,0,
Maholm, Paul,2012,189.0,178,140,53,17.8,6.7,.250,.404,.308,.154,77,80,0,
Blanton, Joe,2012,191.0,207,166,34,20.6,4.2,.273,.453,.303,.180,100,106,0,
Correia, Kevin,2012,171.0,176,89,46,12.2,6.3,.267,.418,.309,.151,80,89,0,
Santana, Ervin,2012,178.0,165,133,61,17.4,8.0,.239,.465,.308,.226,102,109,0,
Jackson, Edwin,2012,189.2,173,168,58,21.3,7.3,.243,.421,.295,.178,85,90,0,
Haren, Dan,2012,176.2,190,142,38,19.0,5.1,.275,.463,.309,.188,85,95,1,
Floyd, Gavin,2012,168.0,166,144,63,19.9,8.7,.259,.418,.336,.159,80,84,0,
Greinke, Zack,2012,212.1,200,200,54,23.0,6.2,.249,.366,.295,.117,82,84,0,
Wainwright, Adam,2012,198.2,196,184,52,22.1,6.3,.259,.392,.306,.133,87,96,2,
Capuano, Chris,2012,198.1,188,162,54,19.8,6.6,.254,.410,.299,.156,82,91,0,
Guthrie, Jeremy,2012,181.2,206,101,50,12.8,6.3,.288,.483,.336,.195,96,109,2,
Lee, Cliff,2012,211.0,207,207,28,24.4,3.3,.255,.411,.277,.156,74,79,0,
Harang, Aaron,2012,179.2,167,131,85,16.7,10.8,.246,.382,.326,.136,72,85,0,
Peavy, Jake,2012,219.0,191,194,49,22.0,5.6,.234,.387,.283,.153,82,88,2,
Lohse, Kyle,2012,211.0,192,143,38,16.6,4.4,.239,.368,.271,.129,67,74,0,
Dickey, R.A.,2012,233.2,192,230,54,24.8,5.8,.226,.362,.275,.136,71,78,1,
Vogelsong, Ryan,2012,189.2,171,158,62,20.1,7.9,.242,.379,.306,.137,71,76,0,
Sabathia, CC,2012,200.0,184,197,44,23.6,5.3,.238,.381,.283,.143,75,89,1,
Buehrle, Mark,2012,202.1,197,125,40,15.1,4.8,.258,.414,.291,.156,84,88,0,
Beckett, Josh,2012,170.1,174,132,52,18.1,7.1,.264,.423,.316,.159,88,91,0,
Arroyo, Bronson,2012,202.0,209,129,35,15.4,4.2,.267,.421,.298,.154,84,86,0,
Hudson, Tim,2012,179.0,168,102,48,13.6,6.4,.248,.361,.300,.113,72,77,0,
Zito, Barry,2012,184.1,186,114,70,14.3,8.8,.263,.426,.327,.163,85,91,0,
Westbrook, Jake,2012,174.2,191,106,52,14.1,6.9,.282,.391,.334,.109,77,85,0,
Burnett, A.J.,2012,202.1,189,180,62,21.2,7.3,.246,.361,.306,.115,79,86,0,
Chen, Bruce,2012,191.2,215,140,47,16.9,5.7,.281,.486,.326,.205,108,114,0,
Dempster, Ryan,2012,173.0,155,153,52,21.3,7.3,.237,.384,.291,.147,65,71,1,
Stroman, Marcus,2019,184.1,183,159,58,20.5,7.5,.257,.384,.313,.127,66,77,0,
Sanchez, Anibal,2019,166.0,153,134,58,18.8,8.1,.236,.406,.302,.170,71,77,3,
Morton, Charlie,2019,194.2,154,240,57,30.4,7.2,.215,.340,.282,.125,66,71,1,
Lester, Jon,2019,171.2,205,165,52,21.6,6.8,.294,.470,.343,.176,85,101,0,
Leake, Mike,2019,197.0,227,127,27,15.2,3.2,.286,.506,.316,.220,94,114,0,
Hudson, Dakota,2019,174.2,160,136,86,18.0,11.4,.245,.403,.337,.158,65,80,0,
Boyd, Matthew,2019,185.1,178,238,50,30.2,6.3,.247,.465,.299,.218,94,101,4,
Scherzer, Max,2019,172.1,144,243,33,35.1,4.8,.222,.371,.266,.149,56,59,0,
Ray, Robbie,2019,174.1,150,235,84,31.5,11.2,.234,.441,.320,.207,84,91,0,
Gray, Sonny,2019,175.1,122,205,68,29.0,9.6,.196,.325,.278,.129,56,59,1,
Fiers, Mike,2019,184.2,166,126,53,16.7,7.0,.243,.408,.302,.165,80,82,1,
Castillo, Luis,2019,190.2,139,226,79,28.9,10.1,.202,.343,.288,.141,72,76,3,
Bumgarner, Madison,2019,207.2,191,203,43,24.1,5.1,.245,.426,.289,.181,90,99,0,
Buehler, Walker,2019,182.1,153,215,37,29.2,5.0,.223,.368,.267,.145,66,77,0,
Bieber, Shane,2019,214.1,186,259,40,30.2,4.7,.230,.393,.270,.163,78,86,1,
Anderson, Brett,2019,176.0,181,90,49,12.1,6.6,.265,.408,.315,.143,76,80,0,
Ryu, Hyun Jin,2019,182.2,160,163,24,22.5,3.3,.234,.359,.260,.125,47,53,0,
Hendricks, Kyle,2019,177.0,168,150,32,20.5,4.4,.249,.397,.286,.148,68,78,0,
Eflin, Zach,2019,163.1,172,129,48,18.3,6.8,.268,.452,.321,.184,75,88,0,
DeSclafani, Anthony,2019,166.2,151,167,49,24.0,7.0,.238,.422,.293,.184,72,77,1,
Wheeler, Zack,2019,195.1,196,195,50,23.6,6.0,.258,.391,.300,.133,86,93,0,
Wainwright, Adam,2019,171.2,181,153,64,20.5,8.6,.273,.440,.340,.167,80,83,0,
Porcello, Rick,2019,174.1,198,143,45,18.6,5.9,.278,.483,.324,.205,107,114,2,
Nola, Aaron,2019,202.1,176,229,80,26.9,9.4,.233,.393,.313,.160,87,91,0,
Giolito, Lucas,2019,176.2,131,228,57,32.3,8.1,.205,.373,.272,.168,67,69,0,
Fried, Max,2019,165.2,174,173,47,24.6,6.7,.270,.419,.322,.149,74,80,1,
Berrios, Jose,2019,200.1,194,195,51,23.2,6.1,.251,.404,.302,.153,82,94,1,
Soroka, Mike,2019,174.2,153,142,41,20.3,5.8,.236,.340,.287,.104,52,56,0,
Perez, Martin,2019,165.1,184,135,67,18.3,9.1,.279,.439,.345,.160,94,104,1,
Musgrove, Joe,2019,170.1,168,157,39,21.9,5.4,.254,.437,.301,.183,84,98,0,
Miley, Wade,2019,167.1,164,140,61,19.4,8.5,.254,.406,.319,.152,74,83,2,
Marquez, German,2019,174.0,174,175,35,24.3,4.9,.259,.441,.297,.182,92,96,1,
Lucchesi, Joey,2019,163.2,144,158,56,23.0,8.2,.233,.405,.294,.172,76,78,0,
Greinke, Zack,2019,208.2,175,187,30,23.1,3.7,.228,.364,.258,.136,68,73,1,
Cole, Gerrit,2019,212.1,142,326,48,39.9,5.9,.186,.343,.236,.157,59,66,3,
Bailey, Homer,2019,163.1,162,149,53,21.4,7.6,.256,.403,.315,.147,83,84,1,
deGrom, Jacob,2019,204.0,154,255,44,31.7,5.5,.207,.323,.255,.116,55,59,0,
Teheran, Julio,2019,174.2,148,162,83,21.5,11.0,.229,.389,.325,.160,74,81,1,
Strasburg, Stephen,2019,209.0,161,251,56,29.8,6.7,.210,.349,.270,.139,77,79,0,
Roark, Tanner,2019,165.1,180,158,51,21.9,7.1,.275,.467,.338,.192,80,84,0,
Nova, Ivan,2019,187.0,225,114,47,14.1,5.8,.303,.483,.349,.180,98,107,0,
Minor, Mike,2019,208.1,190,200,68,23.2,7.9,.244,.395,.307,.151,83,86,0,
Mikolas, Miles,2019,184.0,193,144,32,18.8,4.2,.272,.449,.310,.177,85,90,2,
Kershaw, Clayton,2019,178.1,145,189,41,26.8,5.8,.222,.394,.266,.172,60,63,1,
Kelly, Merrill,2019,183.1,184,158,57,20.3,7.3,.260,.447,.313,.187,90,95,0,
Keller, Brad,2019,165.1,154,122,70,17.2,9.9,.247,.381,.329,.134,77,80,1,
Junis, Jakob,2019,175.1,192,164,58,21.3,7.5,.276,.468,.339,.192,102,108,0,
Corbin, Patrick,2019,202.0,169,238,70,28.5,8.4,.227,.375,.290,.148,73,81,0,
Verlander, Justin,2019,223.0,137,300,42,35.4,5.0,.172,.361,.218,.189,64,66,0,
Tanaka, Masahiro,2019,182.0,186,149,40,19.6,5.3,.261,.450,.300,.189,90,95,0,
Samardzija, Jeff,2019,181.1,152,140,49,18.9,6.6,.225,.411,.280,.186,71,78,0,
Alcantara, Sandy,2019,197.1,179,151,81,18.0,9.7,.241,.397,.320,.156,85,94,1,
Syndergaard, Noah,2019,197.2,194,202,50,24.5,6.1,.256,.410,.303,.154,94,101,0,
Rodriguez, Eduardo,2019,203.1,195,213,75,24.8,8.7,.253,.391,.322,.138,86,88,0,
Quintana, Jose,2019,171.0,191,152,46,20.4,6.2,.282,.440,.321,.158,89,100,0,
Lynn, Lance,2019,208.1,195,246,59,28.1,6.7,.243,.390,.299,.147,85,89,0,
Lopez, Reynaldo,2019,184.0,203,169,65,20.9,8.0,.278,.491,.341,.213,110,119,2,
Gonzales, Marco,2019,203.0,210,147,56,17.0,6.5,.264,.422,.314,.158,90,106,1,
Flaherty, Jack,2019,196.1,135,231,55,29.9,7.1,.192,.335,.255,.143,60,62,0,
Darvish, Yu,2019,178.2,140,229,56,31.3,7.7,.213,.411,.283,.198,79,82,0,
Bauer, Trevor,2019,213.0,184,253,82,27.8,9.0,.230,.429,.313,.199,106,118,0,
Lopez, Reynaldo,2018,188.2,165,151,75,18.9,9.4,.234,.400,.313,.166,82,88,3,
Kluber, Corey,2018,215.0,179,222,34,26.4,4.0,.223,.367,.257,.144,69,75,0,
Hendricks, Kyle,2018,199.0,184,161,44,19.8,5.4,.247,.391,.292,.144,76,82,0,
Corbin, Patrick,2018,200.0,162,246,48,30.8,6.0,.218,.337,.269,.119,70,70,0,
Bundy, Dylan,2018,171.2,188,184,54,24.5,7.2,.274,.523,.331,.249,104,116,1,
Arrieta, Jake,2018,172.2,165,138,57,19.1,7.9,.254,.407,.316,.153,76,93,1,
Anderson, Tyler,2018,176.0,165,164,59,22.3,8.0,.248,.448,.308,.200,89,94,2,
Quintana, Jose,2018,174.1,162,158,68,21.4,9.2,.246,.418,.315,.172,78,81,0,
Fiers, Mike,2018,172.0,166,139,37,19.5,5.2,.249,.450,.296,.201,68,71,0,
LeBlanc, Wade,2018,162.0,151,130,40,19.6,6.0,.246,.419,.293,.173,67,74,0,
Keuchel, Dallas,2018,204.2,211,153,58,17.5,6.6,.263,.393,.310,.130,85,92,0,
Junis, Jakob,2018,177.0,182,164,43,21.6,5.7,.265,.455,.317,.190,86,94,0,
Godley, Zack,2018,178.1,177,185,81,23.4,10.2,.260,.389,.341,.129,94,103,1,
Gibson, Kyle,2018,196.2,177,179,79,21.7,9.6,.241,.385,.315,.144,79,88,0,
Castillo, Luis,2018,169.2,158,165,49,23.3,6.9,.245,.431,.299,.186,81,89,2,
Boyd, Matthew,2018,170.1,146,159,51,22.4,7.2,.228,.410,.293,.182,83,87,2,
Wheeler, Zack,2018,182.1,150,179,55,24.1,7.4,.225,.320,.288,.095,67,69,1,
Teheran, Julio,2018,175.2,122,162,84,22.4,11.6,.196,.374,.297,.178,77,80,3,
Price, David,2018,176.0,151,177,50,24.5,6.9,.230,.399,.292,.169,70,75,0,
Morton, Charlie,2018,167.0,130,201,64,28.9,9.2,.213,.356,.302,.143,58,63,0,
Mikolas, Miles,2018,200.2,186,146,29,18.1,3.6,.245,.350,.275,.105,63,70,1,
Gray, Jon,2018,172.1,180,183,52,24.6,7.0,.266,.451,.320,.185,98,102,2,
Urena, Jose,2018,174.0,155,130,51,18.3,7.2,.242,.381,.306,.139,77,78,1,
Taillon, Jameson,2018,191.0,179,179,46,22.8,5.9,.246,.385,.294,.139,68,69,0,
Snell, Blake,2018,180.2,112,221,64,31.6,9.1,.178,.300,.253,.122,38,41,0,
Severino, Luis,2018,191.1,173,220,46,28.2,5.9,.238,.379,.287,.141,72,76,0,
Pivetta, Nick,2018,164.0,163,188,51,27.1,7.3,.261,.423,.316,.162,87,91,0,
Newcomb, Sean,2018,164.0,137,160,81,23.0,11.6,.226,.362,.315,.136,71,74,0,
Marquez, German,2018,196.0,179,230,57,28.2,7.0,.241,.398,.299,.157,82,90,0,
Lester, Jon,2018,181.2,174,149,64,19.6,8.4,.256,.410,.321,.154,67,75,0,
Leake, Mike,2018,185.2,207,119,34,15.2,4.3,.280,.447,.315,.167,90,98,0,
Holland, Derek,2018,171.1,154,169,67,23.2,9.2,.241,.405,.309,.164,68,74,1,
Heaney, Andrew,2018,180.0,171,180,45,24.0,6.0,.248,.419,.299,.171,83,91,0,
Chacin, Jhoulys,2018,192.2,153,156,71,19.6,8.9,.220,.357,.295,.137,75,83,0,
Verlander, Justin,2018,214.0,156,290,37,34.8,4.4,.200,.360,.241,.160,60,63,2,
Roark, Tanner,2018,180.1,181,146,50,19.2,6.6,.262,.422,.317,.160,87,90,0,
Greinke, Zack,2018,207.2,181,199,43,23.7,5.1,.231,.390,.274,.159,74,77,0,
Giolito, Lucas,2018,173.1,166,125,90,16.1,11.6,.250,.444,.350,.194,118,123,0,
Gausman, Kevin,2018,183.2,189,148,50,19.1,6.4,.264,.436,.317,.172,80,85,0,
Freeland, Kyle,2018,202.1,182,173,70,20.5,8.3,.240,.358,.306,.118,64,64,0,
Cole, Gerrit,2018,200.1,143,276,64,34.5,8.0,.198,.332,.268,.134,64,68,0,
Bauer, Trevor,2018,175.1,134,221,57,30.8,7.9,.208,.302,.279,.094,43,51,0,
deGrom, Jacob,2018,217.0,152,269,46,32.2,5.5,.196,.277,.243,.081,41,48,0,
Williams, Trevor,2018,170.2,146,126,55,18.0,7.8,.231,.364,.292,.133,59,64,0,
Shields, James,2018,204.2,190,154,78,17.7,9.0,.245,.435,.318,.190,103,115,1,
Porcello, Rick,2018,191.1,177,190,48,23.5,5.9,.241,.399,.298,.158,91,97,1,
Nola, Aaron,2018,212.1,149,224,58,27.0,7.0,.197,.311,.258,.114,56,57,1,
Gonzalez, Gio,2018,171.0,167,148,80,19.8,10.7,.256,.399,.334,.143,80,84,0,
Clevinger, Mike,2018,200.0,164,207,67,25.6,8.3,.223,.365,.290,.142,67,71,0,
Scherzer, Max,2018,220.2,150,300,51,34.6,5.9,.188,.332,.246,.144,62,66,1,
Odorizzi, Jake,2018,164.1,151,162,70,22.8,9.8,.242,.419,.322,.177,82,89,0,
Happ, J.A.,2018,177.2,150,193,51,26.3,7.0,.225,.389,.286,.164,72,81,1,
Hamels, Cole,2018,190.2,176,188,65,23.3,8.1,.246,.422,.323,.176,80,93,3,
Gonzales, Marco,2018,166.2,172,145,32,21.1,4.7,.267,.414,.306,.147,74,76,0,
Foltynewicz, Mike,2018,183.0,130,202,68,27.2,9.1,.195,.324,.274,.129,58,65,2,
Carrasco, Carlos,2018,192.0,173,231,43,29.5,5.5,.238,.384,.283,.146,72,78,0,
Berrios, Jose,2018,192.1,159,202,61,25.3,7.7,.222,.372,.292,.150,82,83,0,
Fernandez, Jose,2013,172.2,111,187,58,27.5,8.5,.182,.265,.256,.083,42,47,1,
Miller, Shelby,2013,173.1,152,169,57,23.4,7.9,.234,.371,.296,.137,59,65,0,
Corbin, Patrick,2013,208.1,189,178,54,20.7,6.3,.240,.376,.293,.136,79,81,0,
Ryu, Hyun Jin,2013,192.0,182,154,49,19.7,6.3,.252,.361,.296,.109,64,67,0,
Iwakuma, Hisashi,2013,219.2,179,185,42,21.4,4.8,.220,.371,.258,.151,65,69,0,
Strasburg, Stephen,2013,183.0,136,191,56,26.1,7.7,.207,.307,.279,.100,61,71,3,
Teheran, Julio,2013,185.2,173,170,45,22.0,5.8,.246,.398,.298,.152,66,69,0,
Zimmermann, Jordan,2013,213.1,192,161,40,18.6,4.6,.239,.375,.276,.136,77,81,0,
Sale, Chris,2013,214.1,184,226,46,26.1,5.3,.230,.354,.282,.124,73,81,1,
Porcello, Rick,2013,177.0,185,142,42,19.3,5.7,.270,.395,.313,.125,85,87,1,
Parker, Jarrod,2013,197.0,178,134,63,16.4,7.7,.242,.389,.303,.147,87,92,0,
Harvey, Matt,2013,178.1,135,191,31,27.7,4.5,.209,.282,.246,.073,45,46,0,
Gee, Dillon,2013,199.0,208,142,47,16.9,5.6,.268,.423,.312,.155,80,84,0,
Bumgarner, Madison,2013,201.1,146,199,62,24.8,7.7,.203,.307,.267,.104,62,68,0,
Darvish, Yu,2013,209.2,145,277,80,32.9,9.5,.194,.334,.277,.140,66,68,1,
Peralta, Wily,2013,183.1,187,129,73,16.1,9.1,.264,.384,.333,.120,89,107,0,
Holland, Derek,2013,213.0,210,189,64,21.1,7.2,.259,.399,.310,.140,81,90,1,
Leake, Mike,2013,192.1,193,122,48,15.2,6.0,.263,.407,.308,.144,72,78,0,
Samardzija, Jeff,2013,213.2,210,214,78,23.4,8.5,.255,.411,.324,.156,103,109,0,
Locke, Jeff,2013,166.1,146,125,84,17.6,11.8,.242,.350,.332,.108,65,69,2,
Norris, Bud,2013,176.2,196,147,67,19.0,8.7,.283,.429,.347,.146,82,89,0,
Latos, Mat,2013,210.2,197,187,58,21.2,6.6,.247,.363,.301,.116,74,82,0,
Minor, Mike,2013,204.2,177,181,46,22.1,5.6,.232,.382,.273,.150,73,79,0,
Tillman, Chris,2013,206.1,184,179,68,21.2,8.0,.241,.427,.302,.186,85,87,1,
Quintana, Jose,2013,200.0,188,164,56,19.7,6.7,.247,.395,.299,.148,78,83,1,
Kuroda, Hiroki,2013,201.1,191,150,43,18.2,5.2,.249,.392,.290,.143,74,79,0,
Miley, Wade,2013,202.2,201,147,66,17.4,7.8,.261,.404,.320,.143,80,88,0,
Cashner, Andrew,2013,175.0,151,128,47,18.1,6.6,.233,.351,.286,.118,60,68,0,
Kershaw, Clayton,2013,236.0,164,232,52,25.6,5.7,.195,.277,.241,.082,48,55,2,
Hellickson, Jeremy,2013,174.0,185,135,50,18.3,6.8,.274,.450,.324,.176,100,103,2,
Masterson, Justin,2013,193.0,156,195,76,24.3,9.5,.222,.312,.310,.090,74,75,0,
Wood, Travis,2013,200.0,163,144,66,17.5,8.0,.222,.351,.289,.129,69,73,0,
Chacin, Jhoulys,2013,197.1,188,126,61,15.4,7.5,.253,.375,.309,.122,76,82,1,
Doubront, Felix,2013,162.1,161,139,71,19.7,10.1,.261,.391,.336,.130,78,84,0,
Gonzalez, Gio,2013,195.2,169,192,76,23.4,9.3,.231,.363,.302,.132,73,79,1,
Lynn, Lance,2013,201.2,189,198,76,23.1,8.9,.252,.375,.322,.123,89,92,0,
Bailey, Homer,2013,209.0,181,199,54,23.4,6.4,.234,.369,.289,.135,81,85,2,
Griffin, A.J.,2013,200.0,171,171,54,20.8,6.6,.226,.408,.278,.182,85,91,0,
Gonzalez, Miguel,2013,171.1,157,120,53,16.9,7.4,.243,.413,.299,.170,72,81,0,
Price, David,2013,186.2,178,151,27,20.4,3.6,.252,.379,.281,.127,69,78,0,
Lincecum, Tim,2013,197.2,184,193,76,22.9,9.0,.248,.389,.317,.141,96,102,2,
Scherzer, Max,2013,214.1,152,240,56,28.7,6.7,.198,.329,.254,.131,69,73,1,
Kennedy, Ian,2013,181.1,180,163,73,20.5,9.2,.259,.444,.334,.185,99,108,1,
Kendrick, Kyle,2013,182.0,207,110,47,13.8,5.9,.285,.420,.326,.135,95,104,1,
Lester, Jon,2013,213.1,209,177,67,19.6,7.4,.253,.389,.313,.136,89,94,0,
Gallardo, Yovani,2013,180.2,180,144,66,18.6,8.5,.261,.395,.322,.134,84,92,0,
Fister, Doug,2013,208.2,229,159,44,18.0,5.0,.281,.381,.328,.100,85,91,0,
Medlen, Kris,2013,197.0,194,157,47,19.1,5.7,.258,.398,.304,.140,68,77,0,
Wilson, C.J.,2013,212.1,200,188,85,20.6,9.3,.246,.361,.321,.115,80,93,2,
Volquez, Edinson,2013,170.1,193,142,77,18.3,9.9,.282,.449,.351,.167,108,114,0,
Shields, James,2013,228.2,215,196,68,20.7,7.2,.251,.369,.308,.118,80,82,2,
Stults, Eric,2013,203.2,219,131,40,15.3,4.7,.274,.421,.305,.147,89,97,1,
Nolasco, Ricky,2013,199.1,195,165,46,19.8,5.5,.255,.388,.301,.133,82,90,0,
Feldman, Scott,2013,181.2,159,132,56,17.4,7.4,.234,.373,.296,.139,78,87,1,
Sanchez, Anibal,2013,182.0,156,202,54,27.1,7.2,.229,.330,.284,.101,52,56,0,
Jimenez, Ubaldo,2013,182.2,163,194,80,25.0,10.3,.239,.367,.317,.128,67,75,0,
Saunders, Joe,2013,183.0,232,107,61,13.0,7.4,.311,.507,.362,.196,107,117,0,
Verlander, Justin,2013,218.1,212,217,75,23.5,8.1,.253,.376,.315,.123,84,94,1,
Hernandez, Felix,2013,204.1,185,216,46,26.3,5.6,.242,.358,.285,.116,69,74,0,
Hamels, Cole,2013,220.0,205,202,50,22.3,5.5,.246,.404,.292,.158,88,94,0,
Cain, Matt,2013,184.1,158,158,55,20.8,7.2,.228,.389,.287,.161,82,85,0,
Correia, Kevin,2013,185.1,218,101,45,12.8,5.7,.297,.462,.335,.165,86,89,0,
Santana, Ervin,2013,211.0,190,161,51,18.7,5.9,.238,.380,.288,.142,76,85,0,
Jackson, Edwin,2013,175.1,197,135,59,17.4,7.6,.281,.436,.336,.155,97,110,0,
Haren, Dan,2013,169.2,179,151,31,21.1,4.3,.268,.454,.303,.186,88,92,1,
Greinke, Zack,2013,177.2,152,148,46,20.6,6.4,.234,.355,.286,.121,52,54,0,
Wainwright, Adam,2013,241.2,223,219,35,22.9,3.7,.248,.356,.276,.108,79,83,0,
Williams, Jerome,2013,169.1,181,107,55,14.7,7.6,.272,.442,.330,.170,86,93,0,
Guthrie, Jeremy,2013,211.2,236,111,59,12.3,6.5,.285,.448,.335,.163,95,99,0,
Lee, Cliff,2013,222.2,193,222,32,25.3,3.7,.232,.368,.261,.136,71,77,0,
De La Rosa, Jorge,2013,167.2,170,112,62,15.7,8.7,.269,.384,.332,.115,65,70,0,
Lackey, John,2013,189.1,179,161,40,20.7,5.1,.247,.413,.289,.166,74,80,0,
Lohse, Kyle,2013,198.2,196,125,36,15.5,4.5,.259,.406,.292,.147,74,78,0,
Dickey, R.A.,2013,224.2,207,177,71,18.8,7.5,.242,.422,.305,.180,105,113,1,
Sabathia, CC,2013,211.0,224,175,65,19.3,7.2,.272,.445,.323,.173,112,122,1,
Buehrle, Mark,2013,203.2,223,139,51,15.9,5.8,.276,.430,.323,.154,94,100,0,
Arroyo, Bronson,2013,202.0,199,124,34,15.1,4.1,.258,.442,.292,.184,85,88,2,
Burnett, A.J.,2013,191.0,165,209,67,26.1,8.4,.231,.335,.301,.104,70,79,0,
Dempster, Ryan,2013,171.1,170,157,79,20.8,10.5,.256,.435,.338,.179,87,97,1,
Pettitte, Andy,2013,185.1,198,128,48,16.3,6.1,.275,.411,.319,.136,77,85,0,
Colon, Bartolo,2013,190.1,193,117,29,15.2,3.8,.264,.369,.289,.105,56,60,0,
Volquez, Edinson,2015,200.1,190,155,72,18.2,8.5,.251,.372,.318,.121,79,89,0,
Miller, Shelby,2015,205.1,183,171,73,19.9,8.5,.238,.355,.305,.117,69,82,2,
McHugh, Collin,2015,203.2,207,171,53,19.9,6.2,.263,.390,.313,.127,88,89,0,
Kluber, Corey,2015,222.0,189,245,45,27.7,5.1,.231,.371,.277,.140,86,92,1,
Jimenez, Ubaldo,2015,184.0,182,168,68,21.2,8.6,.257,.397,.330,.140,84,89,0,
Dickey, R.A.,2015,214.1,195,126,61,14.3,6.9,.244,.405,.302,.161,93,97,2,
Gonzalez, Gio,2015,175.2,181,169,69,22.3,9.1,.269,.374,.335,.105,74,79,0,
Gibson, Kyle,2015,194.2,186,145,65,17.7,7.9,.252,.381,.314,.129,83,88,0,
Carrasco, Carlos,2015,183.2,154,216,43,29.6,5.9,.228,.369,.277,.141,74,75,0,
Buehrle, Mark,2015,198.2,214,91,33,11.0,4.0,.279,.440,.307,.161,84,100,0,
Wacha, Michael,2015,181.1,162,153,58,20.1,7.6,.236,.373,.297,.137,68,74,1,
Ventura, Yordano,2015,163.1,154,156,58,22.5,8.4,.248,.378,.319,.130,74,75,0,
Sale, Chris,2015,208.2,185,274,42,32.1,4.9,.233,.368,.281,.135,79,88,0,
Sabathia, CC,2015,167.1,188,137,50,18.9,6.9,.285,.458,.336,.173,88,92,1,
Nelson, Jimmy,2015,177.1,163,148,65,19.7,8.6,.246,.382,.320,.136,81,89,1,
Kazmir, Scott,2015,183.0,162,155,59,20.3,7.7,.237,.374,.301,.137,63,77,2,
Happ, J.A.,2015,172.0,173,151,45,21.1,6.3,.259,.391,.307,.132,69,71,0,
Greinke, Zack,2015,222.2,148,200,40,23.7,4.7,.187,.276,.229,.089,41,43,0,
DeSclafani, Anthony,2015,184.2,194,151,55,19.2,7.0,.273,.414,.324,.141,83,93,0,
Cueto, Johnny,2015,212.0,194,176,46,20.3,5.3,.242,.387,.286,.145,81,87,4,
Burnett, A.J.,2015,164.0,174,143,49,20.5,7.0,.275,.381,.335,.106,58,64,1,
Archer, Chris,2015,212.0,175,252,66,29.0,7.6,.220,.331,.281,.111,76,85,0,
Santiago, Hector,2015,180.2,156,162,71,20.9,9.1,.227,.416,.305,.189,72,80,3,
Ross, Tyson,2015,196.0,172,212,84,25.8,10.2,.237,.330,.321,.093,71,78,0,
Porcello, Rick,2015,172.0,196,149,38,20.2,5.2,.287,.455,.331,.168,94,103,1,
Pelfrey, Mike,2015,164.2,198,86,45,12.0,6.3,.304,.413,.357,.109,78,86,0,
Lewis, Colby,2015,204.2,211,142,42,16.5,4.9,.266,.430,.307,.164,106,114,0,
Leake, Mike,2015,192.0,174,119,49,15.3,6.3,.243,.393,.290,.150,79,80,2,
Lackey, John,2015,218.0,211,175,53,19.5,5.9,.256,.376,.299,.120,67,71,3,
Kershaw, Clayton,2015,232.2,163,301,42,33.8,4.7,.194,.284,.236,.090,55,62,3,
Gray, Sonny,2015,208.0,166,169,59,20.3,7.1,.217,.316,.273,.099,63,71,0,
Colon, Bartolo,2015,194.2,217,136,24,16.7,2.9,.281,.437,.301,.156,90,94,0,
Bumgarner, Madison,2015,218.1,181,234,39,26.9,4.5,.222,.349,.261,.127,71,73,0,
Bauer, Trevor,2015,176.0,152,170,79,22.8,10.6,.232,.394,.317,.162,89,90,1,
Teheran, Julio,2015,200.2,189,171,73,20.3,8.7,.253,.412,.321,.159,90,99,0,
Shields, James,2015,202.1,189,216,81,25.1,9.4,.248,.450,.324,.202,88,93,1,
Ramirez, Erasmo,2015,163.1,145,126,40,18.9,6.0,.236,.363,.291,.127,68,73,0,
Quintana, Jose,2015,206.1,218,177,44,20.5,5.1,.272,.408,.313,.136,77,81,0,
Martinez, Carlos,2015,179.2,168,184,63,24.4,8.3,.250,.367,.317,.117,60,65,1,
Liriano, Francisco,2015,186.2,155,205,70,26.5,9.1,.223,.332,.298,.109,70,75,1,
Hendricks, Kyle,2015,180.0,166,167,43,22.6,5.8,.244,.380,.294,.136,79,82,1,
Harvey, Matt,2015,189.1,156,188,37,24.9,4.9,.222,.344,.262,.122,57,62,0,
Harang, Aaron,2015,172.1,189,108,51,14.4,6.8,.278,.470,.329,.192,93,100,0,
Gallardo, Yovani,2015,184.1,193,121,68,15.3,8.6,.268,.399,.330,.131,70,76,0,
Anderson, Brett,2015,180.1,194,116,46,15.5,6.1,.278,.402,.323,.124,74,82,2,
deGrom, Jacob,2015,191.0,149,205,38,27.3,5.1,.215,.318,.252,.103,54,59,0,
Wood, Alex,2015,189.2,198,139,59,17.4,7.4,.275,.392,.326,.117,81,86,1,
Tillman, Chris,2015,173.0,176,120,64,16.2,8.6,.267,.430,.331,.163,96,97,0,
Salazar, Danny,2015,185.0,156,195,53,25.8,7.0,.226,.387,.285,.161,71,79,2,
Odorizzi, Jake,2015,169.1,149,150,46,21.4,6.6,.231,.396,.283,.165,63,65,1,
Niese, Jonathon,2015,176.2,192,113,55,14.7,7.1,.280,.424,.332,.144,81,93,0,
Miley, Wade,2015,193.2,201,147,64,17.7,7.7,.265,.416,.324,.151,96,98,1,
Heston, Chris,2015,177.2,169,141,64,18.9,8.6,.253,.397,.330,.144,78,82,1,
Hamels, Cole,2015,212.1,190,215,62,24.4,7.0,.238,.369,.298,.131,86,88,4,
Fiers, Mike,2015,180.1,162,180,64,23.7,8.4,.238,.407,.305,.169,74,83,0,
Chen, Wei-Yin,2015,191.1,192,153,41,19.3,5.2,.262,.456,.301,.194,71,78,0,
Cashner, Andrew,2015,184.2,200,165,66,20.5,8.2,.279,.430,.338,.151,89,111,0,
Zimmermann, Jordan,2015,201.2,204,164,39,19.7,4.7,.264,.394,.302,.130,82,89,1,
Walker, Taijuan,2015,169.2,163,157,40,22.2,5.7,.252,.415,.300,.163,86,92,1,
Simon, Alfredo,2015,187.0,201,117,68,14.3,8.3,.276,.466,.338,.190,105,112,0,
Samardzija, Jeff,2015,214.0,228,163,49,17.9,5.4,.273,.446,.318,.173,118,122,0,
Price, David,2015,220.1,190,225,47,25.3,5.3,.230,.350,.270,.120,60,70,0,
Koehler, Tom,2015,187.1,180,137,77,17.1,9.6,.255,.408,.329,.153,85,96,0,
Kennedy, Ian,2015,168.1,166,174,52,24.4,7.3,.258,.497,.316,.239,80,95,1,
Estrada, Marco,2015,181.0,134,131,55,18.1,7.6,.203,.364,.268,.161,63,67,0,
De La Rosa, Rubby,2015,188.2,193,150,63,18.5,7.8,.265,.457,.321,.192,98,103,2,
Richards, Garrett,2015,207.1,181,176,76,20.3,8.8,.236,.359,.303,.123,84,94,0,
Keuchel, Dallas,2015,232.0,185,216,51,23.7,5.6,.217,.314,.261,.097,64,68,0,
Hernandez, Felix,2015,201.2,180,191,58,23.1,7.0,.240,.381,.299,.141,79,80,0,
Hammel, Jason,2015,170.2,158,172,40,24.2,5.6,.242,.425,.287,.183,71,79,0,
Cole, Gerrit,2015,208.0,183,202,44,24.3,5.3,.239,.336,.285,.097,60,71,0,
Arrieta, Jake,2015,229.0,150,236,48,27.1,5.5,.185,.271,.234,.086,45,52,0,
Scherzer, Max,2015,228.2,176,276,34,30.7,3.8,.208,.358,.239,.150,71,74,1,
Lynn, Lance,2015,175.1,172,167,68,22.2,9.1,.258,.378,.326,.120,59,66,0,
Locke, Jeff,2015,168.1,179,129,60,17.5,8.2,.274,.398,.334,.124,84,95,0,
Lester, Jon,2015,205.0,183,207,47,25.0,5.7,.240,.373,.286,.133,76,83,0,
Haren, Dan,2015,187.1,174,132,38,17.2,4.9,.245,.444,.286,.199,75,79,0,
Danks, John,2015,177.2,195,124,56,16.1,7.3,.281,.466,.331,.185,93,104,1,
Porcello, Rick,2010,162.2,188,84,38,12.0,5.4,.288,.419,.333,.131,89,96,3,
Cahill, Trevor,2010,196.2,155,118,63,15.1,8.0,.220,.332,.286,.112,65,73,2,
Latos, Mat,2010,184.2,150,189,50,25.3,6.7,.217,.330,.270,.113,60,63,1,
Kuroda, Hiroki,2010,196.1,180,159,48,19.6,5.9,.243,.351,.288,.108,74,87,0,
Garza, Matt,2010,204.2,193,150,63,17.5,7.4,.248,.420,.308,.172,89,94,2,
Kershaw, Clayton,2010,204.1,160,212,81,25.0,9.6,.214,.320,.292,.106,66,73,2,
Niese, Jonathon,2010,173.2,192,148,62,19.2,8.1,.280,.437,.342,.157,81,97,0,
Masterson, Justin,2010,180.0,197,140,73,17.5,9.1,.278,.385,.350,.107,94,107,0,
Hanson, Tommy,2010,202.2,182,173,56,20.5,6.6,.239,.347,.298,.108,75,86,0,
Hughes, Phil,2010,176.1,162,146,58,20.0,7.9,.244,.400,.301,.156,82,83,1,
Gonzalez, Gio,2010,200.2,171,171,92,20.1,10.8,.229,.329,.314,.100,72,75,1,
Braden, Dallas,2010,192.2,180,113,43,14.5,5.5,.249,.373,.292,.124,75,83,1,
Romero, Ricky,2010,210.0,189,174,82,19.7,9.3,.242,.354,.316,.112,87,98,1,
Pelfrey, Mike,2010,204.0,213,113,68,13.0,7.8,.275,.398,.330,.123,83,88,1,
Volstad, Chris,2010,175.0,187,102,60,13.5,7.9,.277,.415,.336,.138,89,94,1,
Cueto, Johnny,2010,185.2,181,138,56,17.7,7.2,.257,.408,.315,.151,75,79,2,
Sanchez, Jonathan,2010,193.1,142,205,96,25.2,11.8,.204,.343,.304,.139,66,74,1,
Price, David,2010,208.2,170,188,79,21.8,9.2,.221,.340,.295,.119,63,71,3,
Richard, Clayton,2010,201.2,206,153,78,17.8,9.1,.267,.381,.334,.114,84,89,2,
Buchholz, Clay,2010,173.2,142,120,67,16.9,9.4,.226,.312,.301,.086,45,55,1,
Lincecum, Tim,2010,212.1,194,231,76,25.8,8.5,.242,.364,.307,.122,81,84,0,
Scherzer, Max,2010,195.2,174,184,70,23.0,8.8,.244,.383,.314,.139,76,84,0,
Kennedy, Ian,2010,194.0,163,168,70,20.7,8.6,.228,.392,.300,.164,82,87,0,
Kendrick, Kyle,2010,180.2,199,84,49,10.9,6.4,.283,.477,.326,.194,95,103,2,
Lester, Jon,2010,208.0,167,225,83,26.1,9.6,.220,.325,.302,.105,75,81,0,
Marcum, Shaun,2010,195.1,181,165,43,20.6,5.4,.242,.403,.288,.161,79,84,0,
Gallardo, Yovani,2010,185.0,178,200,75,24.9,9.3,.251,.370,.319,.119,79,89,1,
Davis, Wade,2010,168.0,165,113,62,15.7,8.6,.255,.433,.321,.178,76,77,0,
Billingsley, Chad,2010,191.2,176,171,69,20.9,8.4,.244,.353,.312,.109,76,82,0,
Matusz, Brian,2010,175.2,173,143,63,18.8,8.3,.255,.395,.320,.140,84,88,0,
Fister, Doug,2010,171.0,187,93,32,12.9,4.4,.277,.385,.313,.108,78,85,3,
Wilson, C.J.,2010,204.0,161,170,93,20.0,10.9,.217,.311,.311,.094,76,83,1,
Weaver, Jered,2010,224.1,187,233,54,25.7,6.0,.222,.355,.266,.133,75,83,1,
Vargas, Jason,2010,192.2,187,116,54,14.3,6.7,.251,.399,.298,.148,81,86,4,
Garcia, Jaime,2010,163.1,151,132,64,19.0,9.2,.243,.323,.314,.080,49,64,1,
Wells, Randy,2010,194.1,209,144,63,17.1,7.5,.273,.413,.330,.140,92,97,0,
Shields, James,2010,203.1,246,187,51,20.8,5.7,.294,.490,.336,.196,117,128,2,
Bergesen, Brad,2010,170.0,193,81,51,10.9,6.8,.285,.490,.336,.205,94,104,3,
Cecil, Brett,2010,172.2,175,117,54,16.1,7.4,.264,.416,.317,.152,81,87,1,
Niemann, Jeff,2010,174.1,159,131,61,17.9,8.3,.242,.412,.310,.170,85,86,0,
Johnson, Josh,2010,183.2,155,186,48,25.0,6.5,.229,.325,.280,.096,47,51,0,
Baker, Scott,2010,170.1,186,148,43,20.4,5.9,.277,.468,.324,.191,85,87,0,
Davies, Kyle,2010,183.2,206,126,80,15.4,9.8,.283,.439,.353,.156,109,114,1,
Sanchez, Anibal,2010,195.0,192,157,70,18.7,8.3,.257,.356,.320,.099,77,89,0,
Rodriguez, Wandy,2010,195.0,183,178,68,21.7,8.3,.250,.381,.316,.131,78,95,0,
Hammel, Jason,2010,177.2,201,141,47,18.3,6.1,.287,.420,.330,.133,95,97,2,
Jimenez, Ubaldo,2010,221.2,164,214,92,23.9,10.3,.209,.311,.296,.102,71,73,1,
Saunders, Joe,2010,203.1,232,114,64,13.0,7.3,.291,.457,.342,.166,101,120,0,
Liriano, Francisco,2010,191.2,184,201,58,24.9,7.2,.252,.355,.313,.103,77,77,1,
Verlander, Justin,2010,224.1,190,219,71,23.7,7.7,.228,.339,.289,.111,84,89,2,
Bush, Dave,2010,174.1,198,107,65,13.7,8.3,.286,.481,.342,.195,88,108,1,
Hernandez, Felix,2010,249.2,194,232,70,23.2,7.0,.212,.312,.272,.100,63,80,1,
Hernandez, Roberto,2010,210.1,203,124,72,14.1,8.2,.258,.380,.323,.122,88,98,0,
Danks, John,2010,213.0,189,162,70,18.5,8.0,.237,.355,.300,.118,88,93,1,
Hamels, Cole,2010,208.2,185,211,61,24.6,7.1,.237,.394,.297,.157,71,74,0,
Cain, Matt,2010,223.1,181,177,61,19.8,6.8,.221,.369,.275,.148,78,84,0,
Maholm, Paul,2010,185.1,228,102,62,12.1,7.4,.303,.452,.356,.149,105,119,0,
Blanton, Joe,2010,175.2,206,134,43,17.5,5.6,.291,.464,.329,.173,94,104,0,
Narveson, Chris,2010,167.2,172,137,59,18.9,8.1,.266,.431,.326,.165,93,96,0,
Santana, Ervin,2010,222.2,221,169,73,17.7,7.7,.259,.420,.321,.161,97,104,1,
Jackson, Edwin,2010,209.1,214,181,78,20.1,8.6,.265,.402,.330,.137,104,111,0,
Haren, Dan,2010,235.0,245,216,54,21.7,5.4,.267,.429,.306,.162,102,110,2,
Floyd, Gavin,2010,187.1,199,151,58,18.9,7.3,.274,.388,.330,.114,85,92,1,
Greinke, Zack,2010,220.0,219,181,55,19.7,6.0,.260,.388,.306,.128,102,114,0,
Bonderman, Jeremy,2010,171.0,187,112,60,14.9,8.0,.277,.448,.341,.171,105,113,0,
Wainwright, Adam,2010,230.1,186,213,56,23.4,6.2,.224,.330,.270,.106,62,68,0,
Guthrie, Jeremy,2010,209.1,193,119,50,13.6,5.7,.243,.416,.297,.173,89,93,1,
Lee, Cliff,2010,212.1,195,185,18,21.9,2.1,.240,.363,.254,.123,75,84,1,
Myers, Brett,2010,223.2,212,180,66,19.2,7.1,.248,.379,.300,.131,78,88,0,
Lewis, Colby,2010,201.0,174,196,65,23.2,7.7,.227,.369,.290,.142,83,90,0,
Lackey, John,2010,215.0,233,156,72,16.8,7.7,.277,.426,.338,.149,105,114,0,
Oswalt, Roy,2010,211.2,162,193,55,23.1,6.6,.213,.346,.265,.133,65,70,1,
Dickey, R.A.,2010,174.1,165,104,42,14.6,5.9,.251,.361,.296,.110,55,62,0,
Sabathia, CC,2010,237.2,209,197,74,20.3,7.6,.239,.355,.299,.116,84,92,1,
Buehrle, Mark,2010,210.1,246,99,49,11.0,5.5,.295,.418,.330,.123,100,105,5,
Garland, Jon,2010,200.0,176,136,87,16.2,10.4,.240,.371,.321,.131,77,86,0,
Arroyo, Bronson,2010,215.2,188,121,59,13.8,6.7,.234,.389,.288,.155,93,95,1,
Santana, Johan,2010,199.0,179,144,55,17.6,6.7,.240,.356,.289,.116,66,67,2,
Hudson, Tim,2010,228.2,189,139,74,15.1,8.0,.229,.343,.296,.114,72,74,0,
Zito, Barry,2010,199.1,184,150,84,17.7,9.9,.250,.396,.324,.146,92,97,0,
Lopez, Rodrigo,2010,200.0,227,116,56,13.3,6.4,.286,.500,.327,.214,111,126,0,
Westbrook, Jake,2010,202.2,203,128,68,14.9,7.9,.262,.401,.324,.139,95,99,0,
Lilly, Ted,2010,193.2,165,166,44,21.1,5.6,.229,.421,.273,.192,78,83,2,
Burnett, A.J.,2010,186.2,204,145,78,17.5,9.4,.285,.457,.363,.172,109,118,0,
Wolf, Randy,2010,215.2,213,142,87,15.2,9.3,.258,.430,.330,.172,100,107,0,
Halladay, Roy,2010,250.2,231,219,30,22.1,3.0,.245,.373,.269,.128,68,74,1,
Pavano, Carl,2010,221.0,227,117,37,12.9,4.1,.266,.417,.298,.151,92,95,0,
Dempster, Ryan,2010,215.1,198,208,86,22.7,9.4,.244,.388,.320,.144,92,110,0,
Millwood, Kevin,2010,190.2,223,132,65,15.7,7.7,.292,.461,.349,.169,108,116,1,
Lowe, Derek,2010,193.2,204,136,61,16.5,7.4,.273,.398,.326,.125,86,88,2,
Hernandez, Livan,2010,211.2,216,114,64,12.7,7.1,.270,.393,.317,.123,86,93,1,
Carpenter, Chris,2010,235.0,214,179,63,18.5,6.5,.244,.377,.299,.133,84,99,0,