last_name, first_name,year,player_age,p_formatted_ip,p_strikeout,p_walk,p_k_percent,p_bb_percent,slg_percent,on_base_percent,on_base_plus_slg,p_win,exit_velocity_avg,launch_angle_avg,sweet_spot_percent,barrel_batted_rate,solidcontact_percent,hard_hit_percent,fastball_avg_speed,fastball_avg_spin,breaking_avg_speed,breaking_avg_spin,offspeed_avg_speed,offspeed_avg_spin,
Ryu, Hyun Jin,2020,33,67.0,72,17,26.2,6.2,.352,.284,.635,5,87,9.6,32.4,3.2,4.3,29.2,87.9,2001,72.4,2539,79.6,1478,
Maeda, Kenta,2020,32,66.2,80,10,32.3,4.0,.307,.202,.508,6,85.3,10.8,31.0,7.0,2.5,24.7,91,2271,82.5,2513,84.5,1507,
Heaney, Andrew,2020,29,66.2,70,19,25.1,6.8,.414,.301,.715,4,88.6,16.3,36.2,7.4,8.0,39.4,91.5,2436,79.2,2550,83,2005,
Bundy, Dylan,2020,28,65.2,72,17,27.0,6.4,.343,.270,.613,6,87,14.5,30.6,4.6,5.8,32.9,90.1,2407,77.9,2478,82.2,1665,
Perez, Martin,2020,29,62.0,46,28,17.6,10.7,.415,.328,.743,3,86.3,14.3,34.6,7.6,5.4,29.2,90.4,2087,77.7,2521,83.7,1704,
Nola, Aaron,2020,27,71.1,96,23,33.2,8.0,.354,.273,.627,5,88.3,8.6,34.5,5.4,6.0,38.1,92.3,2145,78.6,2499,84.9,1518,
Gonzales, Marco,2020,28,69.2,64,7,23.1,2.5,.361,.253,.614,7,86.4,17.7,37.1,8.4,4.5,34.2,87,2156,75.3,2294,80.6,2114,
Valdez, Framber,2020,27,70.2,76,16,26.4,5.6,.342,.292,.634,5,91.4,-0.8,33.5,7.9,8.4,48.7,93.1,2257,80.5,2982,88.8,1720,
Marquez, German,2020,25,81.2,73,25,21.2,7.3,.373,.299,.673,4,88.8,7.2,32.9,4.9,8.9,40.2,95.6,2152,86.5,2590,86.8,1816,
Lynn, Lance,2020,33,84.0,89,25,25.9,7.3,.386,.276,.662,6,88.6,17.5,34.4,5.4,5.8,37.5,92.5,2486,84,2618,84.6,1781,
Lamet, Dinelson,2020,28,69.0,93,20,34.8,7.5,.260,.236,.496,3,88.7,16.9,34.7,7.3,8.0,40.0,97,2484,86.5,2616,,,
Cole, Gerrit,2020,30,73.0,94,17,32.6,5.9,.405,.250,.655,7,90.4,16.4,32.0,9.1,12.0,44.6,96.7,2505,86.5,2672,88.3,1750,
Carrasco, Carlos,2020,33,68.0,82,27,29.3,9.6,.361,.300,.661,3,88,10.3,35.5,8.3,6.5,34.9,93.6,2457,85.5,2830,87.7,1382,
Wheeler, Zack,2020,30,71.0,53,16,18.4,5.6,.348,.313,.661,4,85.7,3.8,30.7,3.8,5.2,34.0,96.8,2289,86,2485,90.1,1641,
Keuchel, Dallas,2020,32,63.1,42,17,16.3,6.6,.286,.268,.554,6,86.8,5.3,34.3,4.0,5.6,31.3,86.1,2149,75.8,2280,78.6,1705,
Hendricks, Kyle,2020,31,81.1,64,8,20.3,2.5,.372,.260,.632,6,86.2,11,34.3,4.5,5.0,31.8,87.3,1903,72.1,2810,79.7,2064,
Gallen, Zac,2020,25,72.0,82,25,28.2,8.6,.336,.282,.618,3,87,12.4,33.7,7.2,1.1,32.6,90.8,2367,81.2,2432,84.9,1530,
Freeland, Kyle,2020,27,70.2,46,23,15.1,7.6,.433,.339,.772,2,87.3,7.4,31.9,5.6,5.2,35.8,92,2438,83.6,2460,86.1,1412,
Darvish, Yu,2020,34,76.0,93,14,31.3,4.7,.321,.253,.574,8,88.7,11.9,36.9,6.4,5.3,34.2,90.2,2626,80.2,2764,89.7,1691,
Corbin, Patrick,2020,31,65.2,60,18,20.3,6.1,.489,.349,.838,2,90.7,11.9,32.3,6.5,10.1,44.2,90.1,2116,78.5,2222,77.7,1550,
Bieber, Shane,2020,25,77.1,122,21,41.1,7.1,.265,.229,.494,8,89.3,9.6,26.1,7.2,3.3,43.1,92.7,2407,83.9,2413,88.7,1665,
Scherzer, Max,2020,36,67.1,92,23,31.2,7.8,.424,.319,.742,5,88.5,18.7,41.9,8.4,5.6,36.3,94,2489,82.8,2512,84.9,1446,
Lester, Jon,2020,36,61.0,42,17,15.8,6.4,.459,.317,.776,3,88.9,11.9,34.0,12.3,4.9,38.9,88.4,2248,73.4,2569,83.4,1905,
Greinke, Zack,2020,37,67.0,67,9,24.5,3.3,.405,.282,.687,3,86.8,11.7,34.7,8.2,5.6,35.2,87.9,2323,77.9,2429,84.7,1746,
Boyd, Matthew,2020,29,60.1,60,22,22.1,8.1,.552,.347,.899,3,87.4,15.4,37.0,10.9,4.9,37.0,91.7,2303,78,2374,79.1,1900,
Berrios, Jose,2020,26,63.0,68,26,25.1,9.6,.383,.317,.701,5,88.7,14,33.3,6.3,6.9,39.7,94.2,2158,83.3,2353,84.7,1538,
Bauer, Trevor,2020,29,73.0,100,17,36.0,6.1,.302,.219,.522,5,88.5,20.9,25.9,6.3,7.6,38.0,91,2817,80.2,2937,84.3,1413,
Singer, Brady,2020,24,64.1,61,23,23.2,8.7,.356,.293,.649,4,88.5,9,28.8,4.5,6.8,40.1,93.3,2241,83.1,2389,87.8,2164,
Giolito, Lucas,2020,26,72.1,97,28,33.7,9.7,.310,.267,.577,4,87,15.2,33.5,5.6,6.2,35.4,94,2349,84.4,2120,80.9,1414,
Davies, Zach,2020,27,69.1,63,19,22.8,6.9,.361,.268,.629,7,87.5,14.6,36.1,10.3,3.6,36.6,88.1,2089,74.5,2509,79.4,1728,
Cueto, Johnny,2020,34,63.1,56,26,20.2,9.4,.423,.325,.748,2,87.9,13,34.4,5.7,4.2,33.9,91.2,2202,82,2302,82.5,1333,
Civale, Aaron,2020,25,74.0,69,16,22.1,5.1,.474,.324,.798,4,87.1,10.4,36.6,6.7,6.3,33.5,89.7,2383,77.7,2799,85.3,2028,
deGrom, Jacob,2020,32,68.0,104,18,38.8,6.7,.323,.243,.565,4,88.2,11.6,30.1,9.6,4.1,33.6,98.6,2477,91.9,2570,91.4,1638,
Woodruff, Brandon,2020,27,73.2,91,18,31.1,6.1,.341,.263,.604,3,86.7,13.3,26.1,7.2,2.8,33.9,96.4,2413,86.4,2555,86.7,1817,
Senzatela, Antonio,2020,25,73.1,41,18,13.5,5.9,.409,.307,.716,5,88.3,9.1,27.9,5.4,6.3,38.3,94.3,2144,84.5,2213,86.4,2133,
Mills, Alec,2020,29,62.1,46,19,18.3,7.5,.448,.294,.741,5,86.9,10.1,30.8,9.2,5.9,39.5,89.9,2197,71,2460,80.8,1707,
Gibson, Kyle,2020,33,67.1,58,30,19.3,10.0,.460,.362,.823,2,88.2,6.2,33.3,7.2,4.8,39.6,92.3,2168,82,2465,84.4,1652,
Castillo, Luis,2020,28,70.0,89,24,30.5,8.2,.365,.298,.663,4,86,2.2,28.7,4.5,6.7,37.1,97.4,2153,86.8,2489,88.2,1949,
Bassitt, Chris,2020,31,63.0,55,17,21.1,6.5,.371,.287,.658,5,88.2,12.5,28.9,5.9,6.4,37.4,91.3,2146,71,2206,83.6,1971,
Wainwright, Adam,2020,39,65.2,54,15,20.6,5.7,.369,.271,.640,5,87.3,12,33.0,6.3,5.2,36.6,87.6,2253,73.5,2791,81.9,1683,
Lopez, Reynaldo,2018,24,188.2,151,75,18.9,9.4,.400,.313,.713,7,88.3,19.6,37.5,7.3,6.6,36.1,95.5,2102,81.9,2105,83.6,1541,
Kluber, Corey,2018,32,215.0,222,34,26.4,4.0,.367,.257,.624,20,88,11.2,32.0,6.4,5.7,34.5,90.5,2425,83.8,2607,85.2,1751,
Hendricks, Kyle,2018,29,199.0,161,44,19.8,5.4,.391,.292,.682,14,86.4,10.4,32.4,5.7,5.5,30.8,86.8,1983,71.8,2795,78.6,2090,
Corbin, Patrick,2018,29,200.0,246,48,30.8,6.0,.337,.269,.606,11,88.3,7.7,31.3,6.0,6.2,35.6,90.8,2236,80,2333,81,1710,
Bundy, Dylan,2018,26,171.2,184,54,24.5,7.2,.523,.331,.853,8,89.3,17.5,37.9,8.5,8.7,37.4,91.6,2396,79.6,2414,83.7,1740,
Arrieta, Jake,2018,32,172.2,138,57,19.1,7.9,.407,.316,.723,10,87.8,8.6,32.9,5.6,4.8,31.7,93,2243,86.8,2559,88,1650,
Anderson, Tyler,2018,29,176.0,164,59,22.3,8.0,.448,.308,.756,7,87.6,16,35.8,5.7,7.6,31.4,90.2,2330,73.7,2336,81.2,1901,
Quintana, Jose,2018,29,174.1,158,68,21.4,9.2,.418,.315,.733,13,89.4,12.3,33.9,6.1,5.7,37.6,91.5,2008,76.1,2176,86.3,1275,
Fiers, Mike,2018,33,172.0,139,37,19.5,5.2,.450,.296,.746,12,89.8,16.8,33.0,10.4,5.7,37.4,89.4,2294,79.1,2571,83.3,1894,
LeBlanc, Wade,2018,34,162.0,130,40,19.6,6.0,.419,.293,.712,9,87.4,16.1,36.2,9.0,5.3,34.6,85,1940,72.6,2205,77.7,1522,
Keuchel, Dallas,2018,30,204.2,153,58,17.5,6.6,.393,.310,.703,12,87.3,4.5,29.0,4.5,4.2,33.0,88.6,2090,78.7,2190,79.6,1544,
Junis, Jakob,2018,26,177.0,164,43,21.6,5.7,.455,.317,.772,9,88.7,13.8,34.3,8.6,4.1,35.6,91,2007,81.7,2456,84.7,1488,
Godley, Zack,2018,28,178.1,185,81,23.4,10.2,.389,.341,.730,15,89.6,7.5,33.3,6.4,5.7,38.8,89.5,2219,81.4,2178,81.1,1287,
Gibson, Kyle,2018,31,196.2,179,79,21.7,9.6,.385,.315,.699,10,87.8,8,30.9,5.7,6.7,36.4,93,2140,83.9,2472,85.6,1696,
Castillo, Luis,2018,26,169.2,165,49,23.3,6.9,.431,.299,.730,10,88.8,9.6,33.9,8.8,7.4,39.5,95.7,2165,83.6,2206,86.2,1931,
Boyd, Matthew,2018,27,170.1,159,51,22.4,7.2,.410,.293,.703,9,87.4,22.2,34.6,6.1,8.6,32.3,90.4,2281,78.1,2308,78.6,1760,
Wheeler, Zack,2018,28,182.1,179,55,24.1,7.4,.320,.288,.608,12,86.1,11.3,32.5,4.8,4.2,27.1,95.9,2291,86.7,2415,89.1,1631,
Teheran, Julio,2018,27,175.2,162,84,22.4,11.6,.374,.297,.671,9,88.7,15.5,34.5,7.2,7.7,36.7,89.7,2272,78.4,2607,82.6,1615,
Price, David,2018,33,176.0,177,50,24.5,6.9,.399,.292,.691,16,88.8,14.5,33.2,7.0,6.4,35.7,91.2,2179,79.1,2207,85.3,1719,
Morton, Charlie,2018,35,167.0,201,64,28.9,9.2,.356,.302,.658,15,87.5,7.7,32.0,5.8,4.4,31.0,94.9,2213,79.7,2923,87.3,2122,
Mikolas, Miles,2018,30,200.2,146,29,18.1,3.6,.350,.275,.625,18,86.7,8.1,31.0,5.1,4.5,29.4,93.9,2268,83.7,2476,88.4,1680,
Gray, Jon,2018,27,172.1,183,52,24.6,7.0,.451,.320,.771,12,89.8,9.7,31.7,5.8,6.0,37.9,94.7,2014,85.3,2265,86.3,1557,
Urena, Jose,2018,27,174.0,130,51,18.3,7.2,.381,.306,.687,9,88.5,9.3,30.3,6.2,6.2,36.2,95.8,2125,86.2,2244,89.9,1813,
Taillon, Jameson,2018,27,191.0,179,46,22.8,5.9,.385,.294,.679,14,87.8,10.4,35.0,4.3,5.4,31.9,95.2,2302,85.9,2527,87.9,1709,
Snell, Blake,2018,26,180.2,221,64,31.6,9.1,.300,.253,.553,21,87.5,10.7,33.1,7.2,4.8,32.7,95.8,2364,83.4,2481,87.5,1777,
Severino, Luis,2018,24,191.1,220,46,28.2,5.9,.379,.287,.666,19,88.4,11.6,36.7,7.7,5.1,34.7,97.6,2365,88.1,2872,88.1,1648,
Pivetta, Nick,2018,25,164.0,188,51,27.1,7.3,.423,.316,.739,7,88.8,10.9,32.1,7.8,4.2,34.8,94.8,2257,82.1,2692,87.1,1856,
Newcomb, Sean,2018,25,164.0,160,81,23.0,11.6,.362,.315,.677,12,87.6,13,31.9,4.2,6.6,31.9,93,2179,77.6,2683,86.3,1619,
Marquez, German,2018,23,196.0,230,57,28.2,7.0,.398,.299,.696,14,89.5,9.2,31.5,5.6,6.5,39.1,95.2,2198,83.5,2550,85.7,1730,
Lester, Jon,2018,34,181.2,149,64,19.6,8.4,.410,.321,.730,18,88.6,13.7,38.7,6.6,7.2,35.4,90,2269,74.8,2571,84.9,1805,
Leake, Mike,2018,31,185.2,119,34,15.2,4.3,.447,.315,.762,10,89.7,8.5,35.4,6.7,6.6,39.6,88.2,2083,79.4,2504,83.7,1769,
Holland, Derek,2018,32,171.1,169,67,23.2,9.2,.405,.309,.714,7,88.4,14.6,34.1,6.6,7.2,35.4,91.5,2353,80,2141,82.9,2125,
Heaney, Andrew,2018,27,180.0,180,45,24.0,6.0,.419,.299,.719,9,87.7,12.4,35.9,7.8,6.0,37.2,91.9,2467,78.6,2383,83.3,1931,
Chacin, Jhoulys,2018,30,192.2,156,71,19.6,8.9,.357,.295,.652,15,88.8,13.2,32.6,6.5,5.6,37.8,90.1,2056,79.3,2367,85.1,1533,
Verlander, Justin,2018,35,214.0,290,37,34.8,4.4,.360,.241,.601,16,88.5,22.1,31.1,6.2,6.6,32.7,95,2618,83.8,2767,87.4,1899,
Roark, Tanner,2018,32,180.1,146,50,19.2,6.6,.422,.317,.739,9,87.8,14.5,32.5,6.0,7.0,33.6,91.3,2069,79.6,2527,83.4,1731,
Greinke, Zack,2018,35,207.2,199,43,23.7,5.1,.390,.274,.664,15,87.9,10.4,35.4,6.4,6.3,33.5,89.6,2329,78.7,2514,86.5,1738,
Giolito, Lucas,2018,24,173.1,125,90,16.1,11.6,.444,.350,.794,10,88.7,13.3,30.5,7.0,4.8,37.1,92.4,2066,81.7,2155,81.7,1651,
Gausman, Kevin,2018,27,183.2,148,50,19.1,6.4,.436,.317,.753,10,89,10.8,33.5,7.4,6.3,40.8,93.6,2168,81.4,2210,82.6,1479,
Freeland, Kyle,2018,25,202.1,173,70,20.5,8.3,.358,.306,.664,17,86.8,12,30.9,5.0,4.0,29.2,91.5,2253,85,2197,85.5,1393,
Cole, Gerrit,2018,28,200.1,276,64,34.5,8.0,.332,.268,.600,15,89.1,15.8,35.8,6.2,9.3,39.8,96.5,2372,85.7,2706,87.7,1667,
Bauer, Trevor,2018,27,175.1,221,57,30.8,7.9,.302,.279,.581,12,87.8,12,32.8,4.4,7.0,29.1,93,2373,80.1,2623,87,1852,
deGrom, Jacob,2018,30,217.0,269,46,32.2,5.5,.277,.243,.520,10,86.3,11.1,32.0,4.1,4.1,28.9,95.9,2344,89,2511,89,1700,
Williams, Trevor,2018,26,170.2,126,55,18.0,7.8,.364,.292,.656,14,86.9,14.1,34.1,5.8,4.3,31.0,90.4,2094,81.4,2199,83.2,1681,
Shields, James,2018,37,204.2,154,78,17.7,9.0,.435,.318,.753,7,88.6,16.6,36.0,8.3,6.8,35.6,88.2,2281,78.2,2478,83.4,1665,
Porcello, Rick,2018,30,191.1,190,48,23.5,5.9,.399,.298,.697,17,89,12.4,33.6,7.0,5.6,35.7,90.4,2385,81.9,2653,81.4,1760,
Nola, Aaron,2018,25,212.1,224,58,27.0,7.0,.311,.258,.568,17,87.1,9,27.7,4.6,4.4,31.2,92.4,2101,78,2545,84.8,1478,
Gonzalez, Gio,2018,33,171.0,148,80,19.8,10.7,.399,.334,.733,10,87.8,11,35.1,5.8,6.8,34.5,89.7,2176,75.7,2715,82.7,1631,
Clevinger, Mike,2018,28,200.0,207,67,25.6,8.3,.365,.290,.655,13,87,14.3,32.0,5.6,8.7,31.8,93.6,2298,78,2317,87.6,1500,
Scherzer, Max,2018,34,220.2,300,51,34.6,5.9,.332,.246,.578,18,86.6,20.6,33.8,6.6,6.4,31.7,93.4,2477,83,2427,83.9,1457,
Odorizzi, Jake,2018,28,164.1,162,70,22.8,9.8,.419,.322,.741,7,89.1,21.4,35.2,7.4,8.7,39.0,90.9,2253,81.3,2219,84.2,1605,
Happ, J.A.,2018,36,177.2,193,51,26.3,7.0,.389,.286,.676,17,88.4,15.4,30.9,8.8,3.8,34.0,91.9,2297,84.2,2180,86,1619,
Hamels, Cole,2018,35,190.2,188,65,23.3,8.1,.422,.323,.745,9,88.6,10.9,34.4,7.5,5.6,35.9,90.7,2070,80.5,2175,83.4,1652,
Gonzales, Marco,2018,26,166.2,145,32,21.1,4.7,.414,.306,.720,13,88.5,10.4,37.8,5.4,6.2,35.0,88.9,2296,78.1,2450,83.6,2206,
Foltynewicz, Mike,2018,27,183.0,202,68,27.2,9.1,.324,.274,.599,13,88.6,13.9,30.8,6.9,4.3,34.5,96.4,2320,84.9,2513,87.8,1909,
Carrasco, Carlos,2018,31,192.0,231,43,29.5,5.5,.384,.283,.667,17,89.7,9.8,32.7,6.0,6.7,39.1,93.5,2309,83.4,2680,88,1507,
Berrios, Jose,2018,24,192.1,202,61,25.3,7.7,.372,.292,.665,12,87.3,14.3,28.8,6.0,5.0,34.4,93.2,2183,81.7,2360,83.7,1633,
Stroman, Marcus,2019,28,184.1,159,58,20.5,7.5,.384,.313,.697,10,88.2,5.6,27.4,4.1,5.8,35.6,91.9,2452,85.4,2833,87,1929,
Sanchez, Anibal,2019,35,166.0,134,58,18.8,8.1,.406,.302,.708,11,87,14.7,37.8,6.6,5.8,28.3,89.3,2251,78.9,2180,82.1,1670,
Morton, Charlie,2019,36,194.2,240,57,30.4,7.2,.340,.282,.623,16,86.9,9.2,34.3,5.0,6.2,32.8,92.8,2237,78.6,2886,84.9,2124,
Lester, Jon,2019,35,171.2,165,52,21.6,6.8,.470,.343,.813,13,88.6,12.2,37.1,7.4,5.7,34.7,89.1,2302,74.5,2606,84.3,1939,
Leake, Mike,2019,32,197.0,127,27,15.2,3.2,.506,.316,.822,12,90.7,11.6,31.6,8.8,6.1,42.9,87.6,2131,79.9,2533,84,1719,
Hudson, Dakota,2019,25,174.2,136,86,18.0,11.4,.403,.337,.740,16,89.3,3.3,31.0,6.8,5.9,38.8,93.6,2141,85.9,2364,88.1,1459,
Boyd, Matthew,2019,28,185.1,238,50,30.2,6.3,.465,.299,.764,9,89.2,19.4,32.0,8.8,4.5,35.3,92,2381,78.9,2363,79.1,1956,
Scherzer, Max,2019,35,172.1,243,33,35.1,4.8,.371,.266,.636,11,87.6,13.5,35.2,6.6,5.9,35.5,94.2,2470,83.5,2472,84.3,1551,
Ray, Robbie,2019,28,174.1,235,84,31.5,11.2,.441,.320,.761,12,88.9,14.7,38.6,10.7,5.9,38.6,92.4,2243,83.3,2110,,,
Gray, Sonny,2019,30,175.1,205,68,29.0,9.6,.325,.278,.603,11,88.1,9,31.3,6.8,4.7,33.3,93.2,2493,83.1,2934,89.7,2047,
Fiers, Mike,2019,34,184.2,126,53,16.7,7.0,.408,.302,.711,15,88.1,15.8,31.6,7.2,4.9,38.3,90.3,2297,79.9,2630,84.1,1933,
Castillo, Luis,2019,27,190.2,226,79,28.9,10.1,.343,.288,.631,15,87.3,5.9,27.1,5.1,3.8,33.6,96.4,2130,85.9,2330,87.2,1972,
Bumgarner, Madison,2019,30,207.2,203,43,24.1,5.1,.426,.289,.715,9,90.4,18.3,35.6,9.0,5.3,41.8,89.6,2441,78.8,2645,84.2,1641,
Buehler, Walker,2019,25,182.1,215,37,29.2,5.0,.368,.267,.635,14,89.3,12.5,34.5,5.4,7.9,36.4,95.9,2491,84,2891,91.5,1516,
Bieber, Shane,2019,24,214.1,259,40,30.2,4.7,.393,.270,.663,15,90.5,12.3,33.8,8.7,6.0,43.3,93.1,2254,84,2341,87.6,1725,
Anderson, Brett,2019,31,176.0,90,49,12.1,6.6,.408,.315,.723,13,89.6,5,30.5,7.3,5.2,40.0,90.3,1867,80.5,2386,82.6,1481,
Ryu, Hyun Jin,2019,32,182.2,163,24,22.5,3.3,.359,.260,.619,14,86.6,7.2,32.5,4.7,5.5,30.8,89.4,2064,72.8,2568,80,1487,
Hendricks, Kyle,2019,30,177.0,150,32,20.5,4.4,.397,.286,.683,11,86.5,14,33.8,5.4,5.2,31.5,86.9,1987,71.4,2784,78.6,2115,
Eflin, Zach,2019,25,163.1,129,48,18.3,6.8,.452,.321,.772,10,88.2,12,30.1,6.9,4.4,32.8,93.5,2149,85.7,2272,86.7,1787,
DeSclafani, Anthony,2019,29,166.2,167,49,24.0,7.0,.422,.293,.715,9,89.1,12.3,33.2,7.1,6.7,38.7,94.7,2196,87.1,2217,88.5,1535,
Wheeler, Zack,2019,29,195.1,195,50,23.6,6.0,.391,.300,.690,11,87,12.3,34.5,5.3,6.0,32.4,96.7,2299,87.6,2473,88.9,1736,
Wainwright, Adam,2019,38,171.2,153,64,20.5,8.6,.440,.340,.779,14,88.9,10.2,32.1,6.5,5.0,39.2,88,2238,74.9,2752,83.9,1769,
Porcello, Rick,2019,31,174.1,143,45,18.6,5.9,.483,.324,.807,14,88.4,15.6,33.9,9.4,6.6,37.6,90.4,2370,80.4,2660,80.8,1600,
Nola, Aaron,2019,26,202.1,229,80,26.9,9.4,.393,.313,.707,12,89.2,9.2,32.9,6.8,6.8,39.5,92.8,2162,79.1,2574,85.8,1570,
Giolito, Lucas,2019,25,176.2,228,57,32.3,8.1,.373,.272,.646,14,88.1,17.7,37.3,9.4,3.4,34.6,94.2,2333,83.4,2140,81.7,1563,
Fried, Max,2019,25,165.2,173,47,24.6,6.7,.419,.322,.741,17,89.2,4.3,32.4,4.4,5.5,39.1,93.8,2072,78.1,2737,84.8,1514,
Berrios, Jose,2019,25,200.1,195,51,23.2,6.1,.404,.302,.706,14,87,13.9,34.1,6.5,4.9,32.0,92.7,2156,81.2,2334,82.5,1705,
Soroka, Mike,2019,22,174.2,142,41,20.3,5.8,.340,.287,.627,13,88.1,6.6,32.4,5.1,4.9,37.5,92.4,2231,83.2,2776,81.2,2178,
Perez, Martin,2019,28,165.1,135,67,18.3,9.1,.439,.345,.783,10,86.2,9.5,33.6,5.3,5.3,29.7,91.7,2178,79.2,2637,85.3,1795,
Musgrove, Joe,2019,27,170.1,157,39,21.9,5.4,.437,.301,.737,11,88.9,11.7,31.6,6.4,6.6,38.7,91.9,2404,82.9,2519,85.3,2001,
Miley, Wade,2019,33,167.1,140,61,19.4,8.5,.406,.319,.725,14,87.5,8.2,29.0,4.3,4.3,32.5,88.3,2229,76.1,2425,81.2,1869,
Marquez, German,2019,24,174.0,175,35,24.3,4.9,.441,.297,.738,12,91.2,7,34.2,7.9,5.1,43.1,95.4,2207,86.1,2540,87.8,1969,
Lucchesi, Joey,2019,26,163.2,158,56,23.0,8.2,.405,.294,.700,10,88.3,11.4,30.6,7.2,6.6,36.4,90.2,2219,,,78.9,2091,
Greinke, Zack,2019,36,208.2,187,30,23.1,3.7,.364,.258,.622,18,87.5,11,34.1,6.3,6.1,33.3,89.9,2318,77.4,2481,87.3,1779,
Cole, Gerrit,2019,29,212.1,326,48,39.9,5.9,.343,.236,.579,20,87.6,14,33.2,5.9,8.9,35.5,97.1,2529,86.6,2736,88.6,1870,
Bailey, Homer,2019,33,163.1,149,53,21.4,7.6,.403,.315,.718,13,90.3,13.8,30.6,5.7,6.1,39.8,92.9,2090,83.9,1872,84.1,1125,
deGrom, Jacob,2019,31,204.0,255,44,31.7,5.5,.323,.255,.578,11,86.5,12.7,32.3,5.0,5.0,30.8,96.9,2385,91.8,2460,90.3,1703,
Teheran, Julio,2019,28,174.2,162,83,21.5,11.0,.389,.325,.714,10,89,15.5,31.2,6.9,4.5,35.4,89.6,2352,80.4,2643,83.6,1704,
Strasburg, Stephen,2019,31,209.0,251,56,29.8,6.7,.349,.270,.619,18,87.9,7.8,29.8,6.1,5.2,33.8,93.8,2152,81.3,2767,87.7,1679,
Roark, Tanner,2019,33,165.1,158,51,21.9,7.1,.467,.338,.805,10,89,15.4,37.3,8.4,5.4,37.3,92,2113,82.4,2436,84.1,1701,
Nova, Ivan,2019,32,187.0,114,47,14.1,5.8,.483,.349,.832,11,88.8,10.7,34.5,7.2,5.4,38.4,91.3,2181,79.9,2258,86.2,2000,
Minor, Mike,2019,32,208.1,200,68,23.2,7.9,.395,.307,.702,14,86.9,16.5,31.3,7.0,5.4,30.4,92.5,2650,84.3,2660,86.2,2287,
Mikolas, Miles,2019,31,184.0,144,32,18.8,4.2,.449,.310,.760,9,88.5,10.3,33.0,6.1,5.0,36.6,93.6,2268,82.9,2451,87.8,1705,
Kershaw, Clayton,2019,31,178.1,189,41,26.8,5.8,.394,.266,.661,16,88.7,11.6,31.1,6.8,4.2,34.1,90.3,2477,82.9,2606,85.2,2210,
Kelly, Merrill,2019,31,183.1,158,57,20.3,7.3,.447,.313,.760,13,89.9,12.4,33.0,9.5,5.6,40.0,91.3,2403,80.6,2683,86,2109,
Keller, Brad,2019,24,165.1,122,70,17.2,9.9,.381,.329,.710,7,89.1,9.1,32.5,5.9,6.7,38.6,93.3,2221,84.9,2510,87.8,1698,
Junis, Jakob,2019,27,175.1,164,58,21.3,7.5,.468,.339,.807,9,90.1,12.7,35.4,8.6,5.6,41.2,91.5,2026,81.4,2490,84.6,1336,
Corbin, Patrick,2019,30,202.0,238,70,28.5,8.4,.375,.290,.665,14,89.9,8.4,31.7,9.4,5.9,38.7,91.8,2227,80.5,2363,81.8,1646,
Verlander, Justin,2019,36,223.0,300,42,35.4,5.0,.361,.218,.579,21,87.3,18.2,30.5,7.2,6.4,33.3,94.6,2577,84.5,2690,86.9,1866,
Tanaka, Masahiro,2019,31,182.0,149,40,19.6,5.3,.450,.300,.751,11,89,11,32.4,6.0,7.2,37.7,91.1,2108,82.7,2390,86.8,1589,
Samardzija, Jeff,2019,34,181.1,140,49,18.9,6.6,.411,.280,.690,11,89.5,16.9,34.7,8.4,6.8,37.7,90.8,2559,83.6,2455,82.3,1451,
Alcantara, Sandy,2019,24,197.1,151,81,18.0,9.7,.397,.320,.717,6,87.3,11.8,29.9,6.5,6.5,34.3,95.5,2374,84.8,2479,89.1,1923,
Syndergaard, Noah,2019,27,197.2,202,50,24.5,6.1,.410,.303,.713,10,86.8,9.9,29.6,4.9,4.9,31.2,97.6,2151,85.7,2219,91.1,1689,
Rodriguez, Eduardo,2019,26,203.1,213,75,24.8,8.7,.391,.322,.713,19,86.3,9.3,30.9,5.9,5.0,29.7,91.9,2191,83.3,2252,87.6,2047,
Quintana, Jose,2019,30,171.0,152,46,20.4,6.2,.440,.321,.760,13,90,11.1,34.6,5.7,7.2,37.9,91.3,2000,77,2215,86.5,1287,
Lynn, Lance,2019,32,208.1,246,59,28.1,6.7,.390,.299,.689,16,87.9,13.9,35.1,5.9,6.2,33.8,93.2,2467,81.2,2352,86.9,1811,
Lopez, Reynaldo,2019,25,184.0,169,65,20.9,8.0,.491,.341,.832,10,88.8,17.8,36.3,7.6,7.8,38.3,95.4,2137,82.5,2109,84,1610,
Gonzales, Marco,2019,27,203.0,147,56,17.0,6.5,.422,.314,.736,16,88.3,14.7,31.5,4.9,7.2,35.2,87.6,2250,76.3,2346,81.2,2171,
Flaherty, Jack,2019,24,196.1,231,55,29.9,7.1,.335,.255,.590,11,86.6,15.5,33.4,6.9,6.3,30.3,93.8,2178,82.8,2423,86.2,1700,
Darvish, Yu,2019,33,178.2,229,56,31.3,7.7,.411,.283,.694,6,88.6,12.6,32.6,7.4,6.4,37.5,90.5,2533,80.7,2690,88.1,1426,
Bauer, Trevor,2019,28,213.0,253,82,27.8,9.0,.429,.313,.742,11,88.7,16.4,33.6,8.6,5.9,37.7,91.7,2457,79.3,2626,86,1697,
Stroman, Marcus,2017,26,201.0,164,62,19.7,7.4,.392,.323,.715,13,88.7,0.6,24.4,5.1,4.2,38.6,93.2,2274,85.7,2735,82.7,1680,
Scherzer, Max,2017,33,200.2,268,55,34.4,7.1,.319,.246,.565,16,86.5,19,31.4,5.6,5.8,29.3,93.2,2495,83.1,2433,84.6,1519,
Samardzija, Jeff,2017,32,207.2,205,32,24.2,3.8,.447,.286,.733,9,87.4,12.4,36.1,6.3,6.0,33.8,93.9,2474,84.7,2392,86.7,1690,
Sale, Chris,2017,28,214.1,308,43,36.2,5.1,.349,.254,.603,17,86.8,15,35.8,6.1,6.7,30.5,94.5,2305,79.8,2395,86.8,2016,
Roark, Tanner,2017,31,181.1,166,64,21.4,8.2,.408,.320,.728,13,86.9,10.1,34.8,5.4,3.9,33.2,92.3,2058,81.1,2511,83.7,1757,
Lynn, Lance,2017,30,186.1,153,78,19.7,10.1,.395,.308,.703,11,86.6,12.1,32.3,5.8,4.9,27.5,91.3,2316,78.9,2184,86,1987,
Lackey, John,2017,39,170.2,149,53,20.4,7.3,.469,.315,.784,12,88.4,14.6,33.1,6.4,7.9,36.5,87.8,2163,77.5,2283,83.5,1647,
Estrada, Marco,2017,34,186.0,176,71,21.8,8.8,.463,.321,.784,10,87,21.8,30.8,7.0,5.0,30.2,89.5,2401,77.5,2662,77.5,2125,
Wacha, Michael,2017,26,165.2,158,55,22.5,7.8,.409,.325,.734,12,87.2,10,32.4,5.6,3.9,30.1,94.1,2155,76.5,2234,87.8,1702,
Quintana, Jose,2017,28,188.2,207,61,26.2,7.7,.396,.305,.701,11,87.6,11.7,36.3,5.9,8.0,35.7,92.1,2029,77,2186,86.1,1329,
Moore, Matt,2017,28,174.1,148,67,18.7,8.5,.486,.347,.833,6,89.6,15.6,36.3,9.0,7.0,40.2,91.3,2238,81.1,2394,83.1,1727,
Martinez, Carlos,2017,26,205.0,217,71,25.3,8.3,.391,.301,.692,12,87.1,8,30.1,4.8,4.8,33.6,95.6,2049,84.9,2184,87.8,1988,
Greinke, Zack,2017,34,202.1,215,45,26.8,5.6,.387,.271,.658,17,87.2,9.7,31.2,7.0,6.1,30.8,90.8,2382,80.4,2594,87.1,1821,
Gausman, Kevin,2017,26,186.2,179,71,21.9,8.7,.459,.348,.807,11,87.7,11.9,37.8,8.2,4.3,33.7,94.8,2243,82.6,2291,84.9,1605,
Fulmer, Michael,2017,24,164.2,114,40,16.9,5.9,.350,.293,.643,10,86.1,9.4,32.7,4.9,5.1,29.4,95.8,2065,88.9,2377,87.8,1748,
deGrom, Jacob,2017,29,201.1,239,59,28.9,7.1,.389,.291,.681,15,86.3,10.7,32.1,5.9,3.8,28.8,95.1,2343,86.9,2480,87.7,1793,
Verlander, Justin,2017,34,206.0,219,72,25.8,8.5,.370,.290,.660,15,87.6,16.4,37.4,7.2,5.8,35.6,95.3,2540,84.9,2646,87.6,1813,
Richard, Clayton,2017,34,197.1,151,59,17.6,6.9,.482,.358,.840,8,87.4,1.8,29.2,4.4,3.4,33.2,90.5,2090,81.5,2211,83.7,1848,
Nolasco, Ricky,2017,35,181.0,143,58,18.2,7.4,.508,.338,.846,6,90,14.7,36.1,8.4,5.2,40.0,90.9,2055,79,2382,80.9,1379,
Darvish, Yu,2017,31,186.2,209,58,27.3,7.6,.397,.291,.689,10,86.3,13.3,35.7,6.3,5.7,31.5,93,2489,80.8,2633,87.7,1823,
Blach, Ty,2017,27,163.2,73,43,10.5,6.2,.439,.322,.761,8,86.9,9.9,32.9,3.7,7.0,33.0,90.1,2104,77.4,2231,80.2,1990,
Vargas, Jason,2017,34,179.2,134,58,17.7,7.7,.442,.323,.765,18,87,14.9,33.8,5.5,7.2,32.7,85.6,2197,72.1,2491,79.5,2278,
Pomeranz, Drew,2017,29,173.2,174,69,23.5,9.3,.388,.323,.711,17,87.9,12.8,32.9,6.7,5.9,35.7,90.9,2353,79.4,2204,81,1706,
Perdomo, Luis,2017,24,163.2,118,65,16.5,9.1,.426,.356,.782,8,88,1.2,26.7,5.0,3.8,36.5,94,1955,84.4,2338,87.2,1488,
Nola, Aaron,2017,24,168.0,184,49,26.6,7.1,.383,.296,.679,12,85.7,9,33.4,5.0,4.4,31.0,91.9,2074,77.4,2544,83.8,1435,
Lester, Jon,2017,33,180.2,180,60,23.6,7.9,.430,.318,.748,13,86.3,10.3,34.3,5.4,5.6,29.5,89.9,2223,75.6,2512,84.6,1743,
Hellickson, Jeremy,2017,30,164.0,96,47,13.8,6.8,.497,.309,.806,8,87.8,17.7,35.7,6.4,7.7,34.7,89.4,2143,76.7,2924,81.3,1830,
Bundy, Dylan,2017,25,169.2,152,51,21.8,7.3,.420,.301,.721,13,88.8,19.4,33.8,7.8,6.1,36.6,92.1,2469,80.3,2403,83.6,1754,
Strasburg, Stephen,2017,29,175.1,204,47,29.1,6.7,.317,.264,.581,15,87.3,10.8,28.3,6.1,5.0,32.1,95.3,2164,83.8,2707,88.6,1746,
Straily, Dan,2017,29,181.2,170,60,22.1,7.8,.466,.313,.779,10,87.2,18.4,32.6,6.9,5.2,29.2,90.4,2230,82.8,2408,83.4,1408,
Hammel, Jason,2017,35,180.1,145,48,18.0,6.0,.442,.331,.773,8,88.4,16.4,32.9,6.6,6.8,34.7,92.1,2178,83.2,2435,85.1,1764,
Cole, Gerrit,2017,27,203.0,196,55,23.1,6.5,.434,.304,.738,12,86.3,11.1,34.0,7.6,4.0,34.5,95.8,2149,84.9,2528,88.5,1633,
Cashner, Andrew,2017,31,166.2,86,64,12.2,9.1,.365,.325,.691,11,87.1,10.6,32.1,3.9,4.4,32.3,93.2,2104,85.4,2120,84.9,1495,
Carrasco, Carlos,2017,30,200.0,226,46,28.3,5.8,.386,.287,.673,18,87.4,9.7,34.1,7.4,5.0,34.6,94.2,2228,84.3,2588,88.4,1485,
Urena, Jose,2017,26,169.2,113,64,15.6,8.8,.415,.318,.733,14,86.4,12.9,34.3,8.6,4.5,30.9,95.6,2164,85,2305,88.6,1807,
Teheran, Julio,2017,26,188.1,151,72,18.6,8.9,.443,.326,.769,11,87.2,13.8,30.6,6.4,5.0,30.5,91.3,2229,79.7,2502,81.9,1595,
Tanaka, Masahiro,2017,29,178.1,194,41,25.8,5.5,.467,.303,.770,13,88,8.8,34.6,8.6,6.3,36.3,91.5,2156,83.4,2380,87.6,1497,
Porcello, Rick,2017,29,203.1,181,48,20.5,5.4,.498,.328,.825,11,88.2,14.4,36.5,8.0,6.2,35.7,91.1,2389,80.4,2671,80.3,1621,
Nelson, Jimmy,2017,28,175.1,199,48,27.3,6.6,.374,.313,.688,12,85.9,5.8,31.6,4.0,6.4,31.3,93.9,2213,86.2,2548,87.6,1561,
Leake, Mike,2017,30,186.0,130,37,16.6,4.7,.424,.316,.740,10,87.7,6.1,31.0,5.1,5.9,36.3,89.8,2075,80.2,2510,84.5,1770,
Corbin, Patrick,2017,28,189.2,178,61,21.5,7.4,.461,.329,.790,14,87.9,8,30.1,6.7,3.1,35.6,92.2,2269,80.9,2359,83.5,1797,
Cobb, Alex,2017,30,179.1,128,44,17.3,5.9,.405,.303,.708,12,88.2,9.3,31.6,6.0,5.9,35.1,91.7,2101,80.5,2536,85.6,1599,
Bauer, Trevor,2017,26,176.1,196,60,26.2,8.0,.446,.328,.774,17,89.4,9.7,35.9,7.8,5.1,39.1,92.5,2325,78.7,2546,86.8,1646,
Arrieta, Jake,2017,31,168.1,163,55,23.1,7.8,.411,.304,.715,14,87.5,10.5,31.1,5.6,5.4,33.8,92.2,2260,83.2,2578,87.3,1800,
Santana, Ervin,2017,35,211.1,167,61,19.3,7.1,.392,.285,.677,16,86,16,29.8,5.9,4.0,30.2,92.8,2196,84.5,2372,85.8,1516,
Marquez, German,2017,22,162.0,147,49,21.0,7.0,.473,.330,.803,11,88.7,9.1,31.3,7.1,5.2,36.0,94.9,2171,81.5,2589,85.6,1682,
Kluber, Corey,2017,31,203.2,265,36,34.1,4.6,.321,.234,.555,18,85.3,10.5,33.8,5.3,4.9,29.3,91.3,2380,84.4,2589,85.8,1707,
Gonzalez, Gio,2017,32,201.0,188,79,22.7,9.6,.345,.295,.640,15,86.1,11.7,29.5,4.9,4.5,27.9,89.7,2208,74.8,2708,83,1676,
Davies, Zach,2017,24,191.1,124,55,15.2,6.7,.424,.328,.752,17,86.2,7.4,34.0,4.0,4.8,31.1,89.2,2135,73.4,2603,79.4,1795,
Severino, Luis,2017,23,193.1,230,51,29.4,6.5,.338,.264,.602,14,87.2,8,29.7,6.1,3.2,33.7,97.5,2301,88.3,2689,87.2,1671,
Ray, Robbie,2017,26,162.0,218,71,32.8,10.7,.356,.289,.644,15,89.9,14.4,31.5,6.2,7.3,41.0,94.1,2276,83.2,2067,,,
Perez, Martin,2017,26,185.0,115,63,14.2,7.8,.453,.358,.811,13,87.1,9.8,35.7,5.4,5.7,32.3,93.1,2048,81.6,2455,84.6,1780,
Nova, Ivan,2017,30,187.0,131,36,16.7,4.6,.464,.313,.778,11,89.4,9.2,34.0,6.5,6.4,36.8,92.8,2193,80.6,2352,86.4,1965,
Kershaw, Clayton,2017,29,175.0,202,30,29.7,4.4,.357,.244,.602,18,85.3,10.3,30.3,6.3,4.3,27.2,92.9,2340,83.6,2435,86,2171,
Gray, Sonny,2017,28,162.1,153,57,22.6,8.4,.374,.294,.667,10,87.4,5.4,29.5,6.2,4.7,38.6,92.7,2279,83.3,2866,89.5,1827,
Dickey, R.A.,2017,43,190.0,136,67,16.7,8.2,.450,.331,.782,10,86.4,10.3,30.1,4.3,5.8,31.0,83.6,1878,77.2,1530,,,
Chacin, Jhoulys,2017,29,180.1,153,72,20.0,9.4,.373,.318,.691,13,86.3,9.8,29.1,5.7,2.3,28.4,91.2,2146,79.6,2482,83.3,1503,
Archer, Chris,2017,29,201.0,249,60,29.2,7.0,.407,.303,.710,10,89.6,12.8,34.0,5.9,7.6,40.3,95.5,2249,88.8,2546,85.9,1766,
Volquez, Edinson,2016,33,189.1,139,76,16.3,8.9,.439,.352,.791,10,88.9,7.4,32.2,6.3,5.5,35.5,93.8,2308,80.5,2817,84,1200,
Ventura, Yordano,2016,25,186.0,144,78,17.6,9.6,.415,.338,.753,11,89.8,8.7,30.2,7.8,4.4,38.4,96.8,2122,83.6,2626,86.7,1501,
Tanaka, Masahiro,2016,28,199.2,165,36,20.5,4.5,.373,.271,.644,14,88.9,8.9,31.9,4.3,6.2,36.3,90.9,2097,83.1,2236,87.2,1592,
Straily, Dan,2016,28,191.1,162,73,20.5,9.2,.409,.301,.710,14,88.8,18.8,35.7,7.5,6.2,35.0,89.8,2205,82,2321,82.9,1314,
Scherzer, Max,2016,32,228.1,284,56,31.5,6.2,.365,.252,.617,20,87.2,19.4,30.8,6.1,4.9,29.5,94.8,2548,84.6,2379,85.8,1517,
Quintana, Jose,2016,27,208.0,181,50,21.6,6.0,.393,.294,.687,13,88.2,16.3,33.1,4.5,7.1,34.2,92.6,2042,78.2,2134,86.6,1325,
Price, David,2016,31,230.0,228,50,24.0,5.3,.420,.299,.718,17,87.8,11.5,32.4,6.3,3.3,33.0,92.1,2119,79.5,2203,85,1806,
Perez, Martin,2016,25,198.2,103,76,12.0,8.9,.404,.333,.737,10,89.6,6.5,31.5,6.0,6.5,37.4,93.3,2063,83,2301,84.9,1707,
Moore, Matt,2016,27,198.1,178,72,21.2,8.6,.380,.313,.693,13,88.7,17.3,31.3,6.4,4.6,31.3,93.2,2279,81.9,2514,84.9,1564,
Lackey, John,2016,38,188.1,180,53,24.1,7.1,.364,.278,.642,11,89.7,14.5,32.6,5.9,6.3,38.1,90,2244,78.9,2329,84.9,1871,
Gray, Jon,2016,25,168.0,185,59,26.0,8.3,.386,.315,.700,10,88.2,12.4,36.0,6.2,5.1,34.7,95.8,2183,85.9,2440,85.9,1683,
Finnegan, Brandon,2016,23,172.0,145,84,19.8,11.4,.421,.324,.746,10,88.3,13.9,39.1,8.0,5.4,35.5,92.3,2187,84,2142,85.5,1646,
Fernandez, Jose,2016,24,182.1,253,55,34.3,7.5,.336,.285,.621,16,89.2,11.5,36.2,3.8,5.0,36.4,95.8,2431,84.3,2381,88.8,1547,
Verlander, Justin,2016,33,227.2,254,57,28.1,6.3,.368,.261,.629,16,87.9,19.3,30.0,7.5,4.5,32.9,94.1,2559,84.1,2610,85.9,2059,
Smyly, Drew,2016,27,175.1,167,49,22.6,6.6,.456,.305,.761,7,87.8,21.3,34.0,6.7,5.4,31.0,89.6,2166,76.3,1762,80.2,1470,
Roark, Tanner,2016,30,210.0,172,73,20.1,8.5,.327,.303,.630,16,87.4,8.6,30.5,5.4,4.0,30.5,92.7,2076,82.2,2554,84.3,1846,
Pineda, Michael,2016,27,175.2,207,53,27.4,7.0,.462,.321,.783,6,89.7,9.5,35.6,6.7,6.1,39.1,94.6,2083,86.1,2004,89.1,1896,
Maeda, Kenta,2016,28,175.2,179,50,25.0,7.0,.359,.291,.649,16,85.7,12.7,35.1,5.6,3.5,25.7,90.6,2302,78.6,2454,83,1740,
Kennedy, Ian,2016,32,195.2,184,66,22.5,8.1,.413,.308,.721,11,89.3,19.3,32.6,7.7,7.4,38.7,92.8,2388,81.1,2308,84.5,1887,
Ray, Robbie,2016,25,174.1,218,71,28.1,9.1,.431,.338,.768,8,89.9,12.3,32.2,6.9,6.4,39.5,94.7,2274,84.8,2152,87.2,1918,
Liriano, Francisco,2016,33,163.0,168,85,23.0,11.6,.426,.343,.770,8,88.4,6.4,28.6,6.4,6.0,33.3,93.3,2040,85.9,2231,85.9,1784,
Hendricks, Kyle,2016,27,190.0,170,44,22.8,5.9,.319,.260,.580,16,86.6,10.1,28.9,3.4,4.2,26.2,88.3,2018,76,2880,80.6,2113,
Graveman, Kendall,2016,26,186.0,108,47,13.7,6.0,.415,.318,.733,10,89.6,5.9,30.0,5.5,6.3,38.5,92.2,2301,80.1,2320,85.6,1702,
Davies, Zach,2016,23,163.1,135,38,19.8,5.6,.418,.308,.726,11,87.6,11.3,31.2,5.2,3.2,28.6,89.2,2107,72.8,2544,79.1,1742,
Bumgarner, Madison,2016,27,226.2,251,54,27.5,5.9,.354,.264,.619,15,88.5,15.6,29.5,6.7,5.3,31.2,91.3,2303,83.2,2328,84.2,1720,
Archer, Chris,2016,28,201.1,233,67,27.4,7.9,.403,.298,.701,9,90.2,10.2,29.7,8.4,4.6,40.5,94.9,2190,88.9,2315,87.4,1810,
Weaver, Jered,2016,34,178.0,103,51,13.4,6.6,.517,.344,.861,12,88.2,21.1,38.7,7.4,6.1,32.1,83.4,2213,72.7,2457,74.9,1851,
Samardzija, Jeff,2016,31,203.1,167,54,20.1,6.5,.412,.296,.708,12,88.7,10.9,31.3,6.1,6.6,35.1,94.4,2450,84.9,2387,86.3,1595,
Nova, Ivan,2016,29,162.0,127,28,18.6,4.1,.465,.310,.775,12,90.6,5.2,32.9,6.7,6.7,41.0,93.2,2171,81.2,2282,86.8,2006,
Nolasco, Ricky,2016,34,197.2,144,44,17.6,5.4,.435,.307,.742,8,88.7,11.6,34.0,6.4,6.1,35.9,91,2041,79.7,2302,80,1386,
McHugh, Collin,2016,29,184.2,177,54,22.2,6.8,.456,.333,.789,13,87.1,14.2,34.2,4.8,4.7,28.3,89.2,2341,72.9,2619,84.1,1650,
Koehler, Tom,2016,30,176.2,147,83,19.0,10.7,.421,.341,.762,9,87.8,12,36.4,6.7,3.5,33.4,92.5,2093,82.8,2329,85.2,1614,
Hamels, Cole,2016,33,200.2,200,77,23.6,9.1,.380,.318,.699,15,87.6,8,32.0,6.0,5.2,35.7,92,2071,79.8,2141,84.7,1623,
Estrada, Marco,2016,33,176.0,165,65,22.8,9.0,.361,.278,.639,9,88.2,21.3,30.9,7.2,3.9,30.9,88.3,2412,76.6,2689,77.5,2142,
Duffy, Danny,2016,28,179.2,188,42,25.7,5.7,.419,.290,.709,12,89.5,15.8,34.8,7.9,6.3,36.0,95.4,2216,84.1,2312,85.8,2512,
Dickey, R.A.,2016,42,169.2,126,63,17.3,8.7,.461,.327,.788,10,87.7,12.8,34.7,7.3,5.1,35.5,82.9,1889,76.6,1592,,,
Santana, Ervin,2016,34,181.1,149,53,19.9,7.1,.381,.301,.682,7,88.3,13.1,32.8,5.9,4.2,31.7,93.3,2243,84.1,2081,85.6,1456,
Porcello, Rick,2016,28,223.0,189,32,21.2,3.6,.367,.267,.634,22,88.4,13.7,32.9,7.0,6.6,35.1,90.9,2395,79.6,2653,81.4,1688,
Lester, Jon,2016,32,202.2,197,52,24.7,6.5,.334,.266,.601,19,87.4,11.7,31.2,4.1,4.6,29.2,91.7,2283,75.1,2529,85.4,1750,
Gonzalez, Gio,2016,31,177.1,171,59,22.4,7.7,.404,.323,.726,11,88.7,9,31.2,5.9,6.3,33.8,91.5,2226,77.7,2842,84.4,1707,
Fiers, Mike,2016,31,168.2,134,42,18.5,5.8,.474,.326,.800,11,89.8,12.2,35.5,6.1,5.5,39.2,89.4,2215,76.5,2581,83.1,1765,
Eickhoff, Jerad,2016,26,197.1,167,42,20.6,5.2,.446,.292,.738,11,88.6,15.4,32.8,5.7,6.1,35.0,91.6,2209,78.5,2433,84.6,1806,
Cueto, Johnny,2016,30,219.2,198,45,22.5,5.1,.350,.281,.631,18,87.8,10.5,30.3,4.4,5.1,33.2,91.2,2280,83.9,2282,83.3,1573,
Colon, Bartolo,2016,43,191.2,128,32,16.2,4.0,.430,.297,.727,15,90,12.2,30.1,5.3,6.4,37.7,88.4,2148,82.4,2286,81.4,1684,
Wainwright, Adam,2016,35,198.2,161,59,19.0,7.0,.446,.335,.782,13,86.9,11.1,37.5,5.9,5.1,30.2,88.8,2241,74.4,2657,83.3,1583,
Stroman, Marcus,2016,25,204.0,166,54,19.4,6.3,.407,.312,.719,9,90.4,0.5,26.5,4.9,5.7,41.9,92.3,2306,83.9,2652,85.1,1449,
Shields, James,2016,35,181.2,135,82,16.4,10.0,.527,.363,.890,6,88.7,12.8,34.6,8.4,5.9,33.3,89.7,2276,77.6,2531,84.3,1765,
Sanchez, Aaron,2016,24,192.0,161,63,20.4,8.0,.335,.290,.625,15,90,4.5,27.5,6.1,5.7,39.8,95.3,2270,78.6,2844,88.8,2051,
Odorizzi, Jake,2016,26,187.2,166,54,21.5,7.0,.419,.295,.714,10,89.9,16.6,34.6,8.4,5.5,35.9,91.7,2256,79.7,2203,85.3,1514,
Martinez, Carlos,2016,25,195.1,174,70,21.5,8.7,.333,.309,.642,16,87.2,5.7,24.7,3.8,4.2,30.5,96.4,2085,85.4,2146,87.6,2009,
Happ, J.A.,2016,34,195.0,163,60,20.5,7.5,.371,.294,.664,20,89.5,12.2,32.1,7.4,5.3,37.2,92.2,2348,83.2,2212,84.4,1934,
Hammel, Jason,2016,34,166.2,144,53,20.8,7.7,.423,.303,.726,15,90,12.4,33.5,7.2,5.3,37.2,92.7,2199,83.9,2319,85.4,1692,
Tomlin, Josh,2016,32,174.0,118,20,16.3,2.8,.487,.290,.777,13,87.9,10.7,35.6,7.2,5.3,32.2,87.2,2508,75.6,2753,83.9,1735,
Tillman, Chris,2016,28,172.0,140,66,19.6,9.2,.412,.319,.731,16,89,12.5,34.7,7.8,4.6,35.3,92.3,2303,81.6,2183,84.3,1651,
Syndergaard, Noah,2016,24,183.2,218,43,29.3,5.8,.351,.286,.637,14,87.6,6.4,31.8,3.5,6.0,31.8,98.6,2183,89.1,2112,90.3,1765,
Sale, Chris,2016,27,226.2,233,45,25.7,5.0,.372,.278,.649,17,88.7,14.6,33.3,5.7,5.4,33.2,93.7,2235,79.1,2251,86.8,2137,
Rodon, Carlos,2016,24,165.0,168,54,23.5,7.6,.430,.330,.760,9,88.9,13.1,32.7,4.5,5.6,35.0,94,2178,87.2,2316,84.1,1610,
Pomeranz, Drew,2016,28,170.2,186,65,26.5,9.2,.368,.289,.656,11,88.1,11.6,28.4,7.3,5.3,34.4,90.5,2449,79.7,2160,87,2299,
Kluber, Corey,2016,30,215.0,227,57,26.4,6.6,.357,.272,.629,18,86.7,12,34.4,6.0,4.7,30.4,93.1,2308,87,2622,85.8,1673,
Keuchel, Dallas,2016,28,168.0,144,48,20.5,6.8,.424,.311,.735,9,88.4,3.8,29.6,6.9,4.5,36.9,88.5,2099,78.5,2201,80,1598,
Gausman, Kevin,2016,25,179.2,174,47,23.0,6.2,.430,.310,.740,9,88.7,12.5,32.0,7.3,3.4,33.7,95.4,2305,80.3,2268,85.4,1604,
Fister, Doug,2016,32,180.1,115,62,14.8,8.0,.449,.339,.788,12,87.5,10.7,34.1,4.6,8.1,35.8,86.8,1998,70.9,2060,79.5,1640,
Teheran, Julio,2016,25,188.0,167,41,22.0,5.4,.376,.273,.649,7,88.8,16.2,33.1,6.5,4.8,33.6,91.5,2254,79.1,2373,82.9,1518,
Santiago, Hector,2016,29,182.0,144,79,18.3,10.1,.449,.322,.772,13,89.7,20.2,33.0,9.3,8.3,39.3,91.5,2242,77.2,2140,83.3,2004,
Sabathia, CC,2016,36,179.2,152,65,19.8,8.5,.390,.320,.710,9,85.1,9.7,27.5,4.4,5.0,26.9,89.3,2103,80.4,2088,82.5,1957,
Nelson, Jimmy,2016,27,179.1,140,86,17.3,10.7,.430,.358,.788,8,88.7,9.2,27.8,5.7,4.3,35.1,93.7,2220,85.9,2363,86.4,2017,
Miley, Wade,2016,30,166.0,137,49,19.3,6.9,.467,.340,.807,9,89,9.1,34.9,6.6,6.4,37.2,90.9,2160,82.1,2329,83.1,1933,
Leake, Mike,2016,29,176.2,125,30,16.5,4.0,.437,.317,.754,9,89,6.2,29.7,6.2,4.7,36.8,90.8,2121,80.6,2527,85.6,1837,
Iwakuma, Hisashi,2016,35,199.0,147,46,17.6,5.5,.452,.322,.774,16,88.7,14.6,33.5,5.8,4.9,33.9,88.1,2129,78.4,2230,83.6,1541,
Hellickson, Jeremy,2016,29,189.0,154,45,19.9,5.8,.418,.290,.708,12,87.6,14.5,37.2,6.9,4.4,28.2,90.7,2091,80.7,2737,81,1791,
Garcia, Jaime,2016,30,171.2,150,57,20.2,7.7,.448,.328,.776,10,88.7,4.5,28.3,5.7,4.4,35.3,91.1,2343,80.4,2806,82.8,2019,
Bettis, Chad,2016,27,186.0,138,59,17.0,7.2,.439,.332,.771,14,88.7,6.9,31.1,5.6,5.2,34.9,92.1,1945,82.3,2141,86.6,1521,
Bauer, Trevor,2016,25,190.0,168,70,20.7,8.6,.393,.318,.711,12,89.6,9.9,30.3,5.7,4.8,39.5,92.7,2288,77.6,2513,87,1739,
Arrieta, Jake,2016,30,197.1,190,76,23.9,9.6,.306,.277,.582,18,86.7,6.7,31.0,4.8,5.2,29.8,94.4,2307,86.3,2582,89.3,2068,
Volquez, Edinson,2015,32,200.1,155,72,18.2,8.5,.372,.318,.690,13,88.5,10.3,32.5,5.9,5.2,33.5,94.3,2308,81,2631,85.2,1280,
Miller, Shelby,2015,25,205.1,171,73,19.9,8.5,.355,.305,.660,6,87.1,10.5,26.6,3.6,3.3,27.7,93,2217,78.6,2177,87,1789,
McHugh, Collin,2015,28,203.2,171,53,19.9,6.2,.390,.313,.703,19,86.1,12.2,31.8,3.5,4.8,29.2,89.1,2259,73.3,2545,82.7,1620,
Kluber, Corey,2015,29,222.0,245,45,27.7,5.1,.371,.277,.648,9,88,11.5,33.2,5.6,6.0,32.5,93.4,2253,86.9,2438,85.6,1743,
Jimenez, Ubaldo,2015,31,184.0,168,68,21.2,8.6,.397,.330,.727,12,87.8,10,32.2,4.2,5.0,31.8,91,2060,81.9,2281,84.7,1440,
Dickey, R.A.,2015,41,214.1,126,61,14.3,6.9,.405,.302,.707,11,87.4,12.5,32.8,4.4,5.4,30.5,82.3,1810,76.8,1362,,,
Gonzalez, Gio,2015,30,175.2,169,69,22.3,9.1,.374,.335,.710,11,88.2,6,28.1,4.7,5.6,34.5,92.6,2204,78.7,2822,84.5,1666,
Gibson, Kyle,2015,28,194.2,145,65,17.7,7.9,.381,.314,.696,11,88.4,6.1,29.0,5.0,4.6,34.4,92.4,2147,84.8,2152,84.3,1695,
Carrasco, Carlos,2015,28,183.2,216,43,29.6,5.9,.369,.277,.646,14,88.5,6.9,29.2,4.9,5.4,34.5,95.1,2231,86.8,2284,89,1730,
Buehrle, Mark,2015,36,198.2,91,33,11.0,4.0,.440,.307,.747,15,87,11.7,33.3,4.9,6.5,33.0,82.9,1996,71.7,2138,78.7,1624,
Wacha, Michael,2015,24,181.1,153,58,20.1,7.6,.373,.297,.669,17,87.6,10.4,28.8,4.8,5.0,33.2,93.9,2091,76.4,2048,87.1,1512,
Ventura, Yordano,2015,24,163.1,156,58,22.5,8.4,.378,.319,.697,13,89.1,5.4,30.6,5.3,6.2,31.9,96.7,2156,84.6,2547,87.9,1427,
Sale, Chris,2015,26,208.2,274,42,32.1,4.9,.368,.281,.649,13,85.9,13.1,33.3,4.0,6.5,27.0,95.2,2283,79.4,2205,86.3,2100,
Sabathia, CC,2015,35,167.1,137,50,18.9,6.9,.458,.336,.794,6,87.8,10.5,29.3,4.1,5.4,31.5,90.2,2076,79.6,1822,83.9,1950,
Nelson, Jimmy,2015,26,177.1,148,65,19.7,8.6,.382,.320,.702,11,86.8,7.3,29.1,4.8,5.7,28.7,94.1,2175,85.4,1990,86,2107,
Kazmir, Scott,2015,31,183.0,155,59,20.3,7.7,.374,.301,.676,7,87.4,12.5,35.4,5.2,5.2,34.3,91.1,2189,79.7,1869,76.5,1386,
Happ, J.A.,2015,33,172.0,151,45,21.1,6.3,.391,.307,.698,11,89.4,13,34.9,4.6,5.8,37.4,92.5,2339,82.3,2166,85.6,1829,
Greinke, Zack,2015,32,222.2,200,40,23.7,4.7,.276,.229,.505,19,87.3,9.8,28.4,4.0,3.2,27.8,92.3,2367,83.2,2371,88.7,1742,
DeSclafani, Anthony,2015,25,184.2,151,55,19.2,7.0,.414,.324,.738,9,88.5,11.8,31.7,4.9,5.7,34.3,93.1,2071,85.8,2037,86.3,1630,
Cueto, Johnny,2015,29,212.0,176,46,20.3,5.3,.387,.286,.674,11,86.8,13.2,31.6,4.9,5.0,31.8,91.8,2266,83.4,2102,84,1555,
Burnett, A.J.,2015,38,164.0,143,49,20.5,7.0,.381,.335,.715,9,89.8,5.7,30.8,4.8,4.8,38.7,91.6,2009,82.3,2023,86.3,1678,
Archer, Chris,2015,27,212.0,252,66,29.0,7.6,.331,.281,.612,12,89.5,10.9,30.9,4.6,6.4,38.9,95.8,2188,88.4,1933,86.5,1914,
Santiago, Hector,2015,28,180.2,162,71,20.9,9.1,.416,.305,.722,9,89,22.3,32.6,7.9,7.3,35.6,90.2,2195,77.7,1900,83.5,1945,
Ross, Tyson,2015,28,196.0,212,84,25.8,10.2,.330,.321,.650,10,87.4,1.9,25.0,3.3,4.2,32.8,93.5,2469,87.2,2427,89.4,2242,
Porcello, Rick,2015,27,172.0,149,38,20.2,5.2,.455,.331,.786,9,88.9,9.1,36.9,5.6,5.7,36.3,91.6,2437,80.4,2593,82.9,1688,
Pelfrey, Mike,2015,31,164.2,86,45,12.0,6.3,.413,.357,.770,6,88.4,6.9,32.9,4.6,3.9,36.8,93.9,1909,81.4,1852,81.4,781,
Lewis, Colby,2015,36,204.2,142,42,16.5,4.9,.430,.307,.737,17,89.3,18.2,34.9,6.6,6.2,34.8,88.5,2271,82,2079,83.7,1962,
Leake, Mike,2015,28,192.0,119,49,15.3,6.3,.393,.290,.684,11,88.9,6.7,30.3,5.3,5.4,35.6,91.2,2110,80.9,2472,86.1,1686,
Lackey, John,2015,37,218.0,175,53,19.5,5.9,.376,.299,.675,13,88.3,11.6,29.8,5.6,3.2,32.5,90.3,2137,78.6,2082,84.3,1956,
Kershaw, Clayton,2015,27,232.2,301,42,33.8,4.7,.284,.236,.520,16,85.6,8.9,29.0,3.3,3.5,24.4,94.2,2214,82.8,2186,88.3,2001,
Gray, Sonny,2015,26,208.0,169,59,20.3,7.1,.316,.273,.590,14,88.9,7.6,27.6,4.5,4.8,34.6,93.5,2336,84.4,2425,88.1,1794,
Colon, Bartolo,2015,42,194.2,136,24,16.7,2.9,.437,.301,.738,14,88.9,11.7,34.1,5.4,5.1,34.7,88.9,2161,82.8,2164,82.6,1727,
Bumgarner, Madison,2015,26,218.1,234,39,26.9,4.5,.349,.261,.610,18,87.5,12.6,31.1,4.8,4.6,30.1,92.7,2310,83.4,2227,85.5,1616,
Bauer, Trevor,2015,24,176.0,170,79,22.8,10.6,.394,.317,.711,11,88.1,15.9,31.8,5.9,6.1,33.9,92.1,2218,80.7,2349,85.8,1647,
Teheran, Julio,2015,24,200.2,171,73,20.3,8.7,.412,.321,.733,11,89.1,13.9,33.7,5.1,7.5,36.6,91.8,2197,79,1942,83.3,1507,
Shields, James,2015,34,202.1,216,81,25.1,9.4,.450,.324,.774,13,89.2,10.7,31.2,5.6,4.0,37.7,90.1,2257,78.7,2442,84.9,1736,
Ramirez, Erasmo,2015,25,163.1,126,40,18.9,6.0,.363,.291,.654,11,88.5,10.2,28.2,4.9,4.3,33.7,91.5,2219,83.2,2198,81.3,1677,
Quintana, Jose,2015,26,206.1,177,44,20.5,5.1,.408,.313,.721,9,88,9.7,34.0,4.3,5.2,32.9,92,2075,80.3,2040,86.3,1342,
Martinez, Carlos,2015,24,179.2,184,63,24.4,8.3,.367,.317,.683,14,87.2,5.8,28.2,4.6,5.2,33.6,95.9,2037,85.7,1898,87.4,1989,
Liriano, Francisco,2015,32,186.2,205,70,26.5,9.1,.332,.298,.630,12,85.9,6.6,33.9,4.3,4.1,28.0,93,2027,85.5,2055,85,1784,
Hendricks, Kyle,2015,26,180.0,167,43,22.6,5.8,.380,.294,.674,8,88,6.7,30.2,3.3,3.8,28.5,88.8,2095,78.3,2478,80.7,2116,
Harvey, Matt,2015,26,189.1,188,37,24.9,4.9,.344,.262,.606,13,87.8,11,30.2,3.4,3.8,30.6,96.5,2334,87.5,2244,89,1946,
Harang, Aaron,2015,37,172.1,108,51,14.4,6.8,.470,.329,.799,6,90.2,16.6,35.6,7.0,6.4,37.1,89.8,2301,80.1,2006,84.1,1643,
Gallardo, Yovani,2015,29,184.1,121,68,15.3,8.6,.399,.330,.729,13,88.2,8.9,33.0,2.8,5.0,34.7,91.2,2083,85.5,2227,85.7,1886,
Anderson, Brett,2015,27,180.1,116,46,15.5,6.1,.402,.323,.724,10,88.2,-2.1,24.7,4.1,6.0,32.6,91.3,1807,80.5,2286,83.9,1545,
deGrom, Jacob,2015,27,191.0,205,38,27.3,5.1,.318,.252,.570,14,87.4,11.9,30.0,4.0,5.3,29.6,95.5,2231,87.2,2268,86,1741,
Wood, Alex,2015,24,189.2,139,59,17.4,7.4,.392,.326,.718,12,88.2,8,32.1,4.3,4.3,33.1,89.8,1915,80.8,1766,83.6,1814,
Tillman, Chris,2015,27,173.0,120,64,16.2,8.6,.430,.331,.761,11,89.6,12.9,30.1,5.1,5.6,32.3,92.1,2259,79.3,2114,83.3,1590,
Salazar, Danny,2015,25,185.0,195,53,25.8,7.0,.387,.285,.672,14,89.6,11.3,31.9,6.4,5.6,37.5,95.4,2335,84,2008,86.1,1276,
Odorizzi, Jake,2015,25,169.1,150,46,21.4,6.6,.396,.283,.679,9,88.5,14.8,33.1,6.2,7.4,33.9,90.9,2152,77.6,2051,85.6,1457,
Niese, Jonathon,2015,29,176.2,113,55,14.7,7.1,.424,.332,.757,9,88.4,5.2,29.7,4.4,4.4,32.4,89.1,2017,75.7,2163,83.3,1347,
Miley, Wade,2015,29,193.2,147,64,17.7,7.7,.416,.324,.739,11,87.4,7.9,33.8,4.5,6.0,31.5,91.4,2175,82.3,2177,83.6,1956,
Heston, Chris,2015,27,177.2,141,64,18.9,8.6,.397,.330,.727,12,88.5,5.9,29.4,4.9,4.2,36.6,89.6,2064,75.8,2199,82.6,1932,
Hamels, Cole,2015,32,212.1,215,62,24.4,7.0,.369,.298,.666,13,87.7,9.6,30.9,4.6,5.7,33.2,92.3,2082,78.8,2235,84.9,1721,
Fiers, Mike,2015,30,180.1,180,64,23.7,8.4,.407,.305,.712,7,87.9,15.6,34.6,5.9,4.1,29.4,89.2,2184,72.9,2538,83.6,1792,
Chen, Wei-Yin,2015,30,191.1,153,41,19.3,5.2,.456,.301,.756,11,87.4,15.3,30.6,6.1,5.1,31.9,92,2075,80.5,2112,83.4,1487,
Cashner, Andrew,2015,29,184.2,165,66,20.5,8.2,.430,.338,.769,6,88.8,9.2,30.5,5.1,4.6,34.4,95.4,2176,85.5,2033,86.3,1638,
Zimmermann, Jordan,2015,29,201.2,164,39,19.7,4.7,.394,.302,.696,13,87.4,12.5,33.2,4.2,5.5,32.9,93.6,2328,85.3,2274,88.7,2164,
Walker, Taijuan,2015,23,169.2,157,40,22.2,5.7,.415,.300,.715,11,89.3,13.8,35.0,7.6,5.6,33.8,94.3,2131,74.8,1916,89.4,1485,
Simon, Alfredo,2015,34,187.0,117,68,14.3,8.3,.466,.338,.804,13,89.7,12.6,30.9,6.1,7.3,39.2,92.7,2120,77.4,2169,85.2,1567,
Samardzija, Jeff,2015,30,214.0,163,49,17.9,5.4,.446,.318,.764,11,88.1,14.5,34.7,5.2,4.2,31.8,94.1,2461,85.7,2147,85.7,1326,
Price, David,2015,30,220.1,225,47,25.3,5.3,.350,.270,.620,18,87.4,12.7,33.9,4.6,5.9,31.0,93.7,2216,80.1,2045,85.8,1975,
Koehler, Tom,2015,29,187.1,137,77,17.1,9.6,.408,.329,.737,11,89.7,11.1,29.1,5.7,5.9,36.9,92.7,2091,82,2292,85.1,1691,
Kennedy, Ian,2015,31,168.1,174,52,24.4,7.3,.497,.316,.812,9,89.5,14.5,35.6,8.1,7.1,39.6,91.9,2359,80.4,2264,83.9,1880,
Estrada, Marco,2015,32,181.0,131,55,18.1,7.6,.364,.268,.632,13,87.8,20.4,31.0,5.3,5.6,30.8,89.7,2352,77.9,2580,79.1,2091,
De La Rosa, Rubby,2015,26,188.2,150,63,18.5,7.8,.457,.321,.778,14,88.5,9.4,28.9,6.1,3.0,32.8,94.8,2263,85.6,1905,87,2060,
Richards, Garrett,2015,27,207.1,176,76,20.3,8.8,.359,.303,.662,15,87.3,5.3,27.5,5.1,3.8,31.6,96.1,2486,86.7,2782,93.2,2416,
Keuchel, Dallas,2015,27,232.0,216,51,23.7,5.6,.314,.261,.575,20,85.7,1.1,25.2,3.3,2.6,28.0,89.6,2060,79.8,2022,79.6,1617,
Hernandez, Felix,2015,29,201.2,191,58,23.1,7.0,.381,.299,.680,18,88.7,5.4,26.6,4.2,4.8,34.4,92.3,1923,81.6,2355,88.6,1778,
Hammel, Jason,2015,33,170.2,172,40,24.2,5.6,.425,.287,.712,10,88.8,13.4,37.2,7.1,5.9,36.4,92.9,2148,83.8,2072,85.6,1715,
Cole, Gerrit,2015,25,208.0,202,44,24.3,5.3,.336,.285,.621,19,88.2,8.8,34.9,4.3,5.4,34.7,96.3,2155,86.2,2163,88.8,1709,
Arrieta, Jake,2015,29,229.0,236,48,27.1,5.5,.271,.234,.506,22,85.1,4.4,27.4,2.2,3.6,24.7,95.2,2273,87.5,2411,89.5,1944,
Scherzer, Max,2015,31,228.2,276,34,30.7,3.8,.358,.239,.597,14,87.1,17,33.2,5.8,5.7,29.8,94.7,2493,84.5,2209,85.4,1474,
Lynn, Lance,2015,28,175.1,167,68,22.2,9.1,.378,.326,.704,12,88.9,12,29.0,4.9,5.3,31.1,92.4,2350,83.7,2201,84.9,1903,
Locke, Jeff,2015,28,168.1,129,60,17.5,8.2,.398,.334,.732,8,87.4,6.1,30.6,3.5,4.3,30.0,91.9,2000,80,1750,81.7,1373,
Lester, Jon,2015,31,205.0,207,47,25.0,5.7,.373,.286,.659,11,87.1,9.4,31.1,4.4,3.5,28.4,91.3,2213,75.6,2361,85.1,1656,
Haren, Dan,2015,35,187.1,132,38,17.2,4.9,.444,.286,.731,11,88.2,20.8,33.4,6.4,5.9,33.7,85.2,2162,76.8,2212,81.7,1383,
Danks, John,2015,30,177.2,124,56,16.1,7.3,.466,.331,.797,7,87.3,16.1,32.0,5.1,6.0,30.4,89.2,2345,76.4,1783,81.5,1786,